<content clip="Template_basic">
	<fields>
		<textfield name="mc_topleft.tf_title" text="string:active/sections/basic/title" />
		<textfield name="mc_topleft.tf_copy"  text="string:active/sections/basic/copy" />
			
		<textfield name="mc_botleft.tf_copy"  text="string:active/sections/basic/getinshape/copy" />
		<textfield name="mc_botleft.tf_title"  text="string:active/sections/basic/getinshape/title" />
			
		<textfield name="mc_speak.tf_copy"  text="string:speak/copy" />
		<textfield name="mc_speak.tf_title"  text="string:speak/title" />
			
	</fields>
	<clips>
		
		<clip name="mc_sp" type="ScrollPane" contentPath="contacts.mc_contacts" borderStyle="none" />
		<clip name="mc_speak.mc_sp" type="ScrollPane" contentPath="Template_basic.SpeakLikeASoldier" borderStyle="none" />
		
		<clip name="mc_ready">
			<xml>
				
			</xml>
		</clip>
		
		<clip name="mc_video.mc_sp" type="Loader" contentPath="swf/basictrainingmovie.swf" borderStyle="none" />
		
	</clips>
</content>