<content clip="Template_benefits">
	<fields>

		<textfield name="mc_top.tf_title" text="string:active/sections/benefits/title" />
		<textfield name="mc_top.tf_copy"  text="string:active/sections/benefits/copy" />
		
		<textfield name="mc_bottom.tf_title" text="string:active/sections/benefits/scholarship/title" />
		<textfield name="mc_bottom.tf_copy"  text="string:active/sections/benefits/scholarship/copy" />
		<textfield name="mc_bottom.mc_download.tf_download"  text="string:active/sections/benefits/scholarship/download" />
		
		<textfield name="mc_chart.mc_slide1.tf_title" text="string:active/sections/benefits/paychart/slide1/title" />
		<textfield name="mc_chart.mc_slide1.tf_copy"  text="string:active/sections/benefits/paychart/slide1/copy" />
		
		<textfield name="mc_chart.mc_slide3.tf_copy"  text="string:active/sections/benefits/paychart/slide3/copy" />
		
	</fields>
	<clips>

	</clips>
</content>