<results>
<result>
	<name>APPALACHIAN STATE UNIVERSITY</name>
	<street1>DD DOUGHERTY BUILDING</street1>
	<street2>226 JOYCE LAWRENCE LANE</street2>
	<city>BOONE</city>
	<state>NC</state>
	<longitude>-81.6682820</longitude>
	<latitude>36.2116260</latitude>
	<zip>28608</zip>
	<phone>(828) 262-2015</phone>
</result>
<result>
	<name>AUGUSTA STATE UNIVERSITY</name>
	<street1>2500 WALTON WAY</street1>
	<street2>DEPARTMENT OF MILITARY SCIENCE</street2>
	<city>AUGUSTA</city>
	<state>GA</state>
	<longitude>-82.0131700</longitude>
	<latitude>33.4701170</latitude>
	<zip>30904</zip>
	<phone>(706) 737-1644</phone>
</result>
<result>
	<name>AUSTIN PEAY STATE UNIVERSITY</name>
	<street1>601 COLLEGE ST ARMY ROTC</street1>
	<street2>MEMORIAL HEALTH BLDG.</street2>
	<city>CLARKSVILLE</city>
	<state>TN</state>
	<longitude>-87.3376340</longitude>
	<latitude>36.5293820</latitude>
	<zip>37044</zip>
	<phone>(931) 221-6149/ 6155</phone>
</result>
<result>
	<name>BOSTON UNIVERSITY</name>
	<street1>128 BAY STATE ROAD</street1>
	<street2></street2>
	<city>BOSTON</city>
	<state>MA</state>
	<longitude>-71.1016190</longitude>
	<latitude>42.3449270</latitude>
	<zip>02215</zip>
	<phone>6173534025/ 4026</phone>
</result>
<result>
	<name>BOWIE STATE UNIVERSITY</name>
	<street1>14000 JERICHO PARK RD</street1>
	<street2></street2>
	<city>BOWIE</city>
	<state>MD</state>
	<longitude>-76.7389660</longitude>
	<latitude>38.9888650</latitude>
	<zip>20715</zip>
	<phone>(301) 860-3560</phone>
</result>
<result>
	<name>BOWLING GREEN STATE UNIVERSITY</name>
	<street1>1001 E WOOSTER ST</street1>
	<street2>ROOM 151 MEMORIAL HALL</street2>
	<city>BOWLING GREEN</city>
	<state>OH</state>
	<longitude>-83.6508030</longitude>
	<latitude>41.3764370</latitude>
	<zip>43403</zip>
	<phone>(419) 372-2476</phone>
</result>
<result>
	<name>BUCKNELL UNIVERSITY</name>
	<street1>"ROTC DRIVE, SPRATT HOUSE"</street1>
	<street2>BUCKNELL UNIVERSITY</street2>
	<city>LEWISBURG</city>
	<state>PA</state>
	<longitude>-76.8964540</longitude>
	<latitude>40.9592310</latitude>
	<zip>17837</zip>
	<phone>(570) 577-1246</phone>
</result>
<result>
	<name>CAMPBELL UNIV</name>
	<street1>CAMPBELL UNIVERSITY</street1>
	<street2>BLDG 165 T.T. LANIER EXTENSION</street2>
	<city>BUIES CREEK</city>
	<state>NC</state>
	<longitude>-78.7382030</longitude>
	<latitude>35.4067890</latitude>
	<zip>27506</zip>
	<phone>"(910) 893-1587 or toll free 1-800-334-4111, ext. 1590"</phone>
</result>
<result>
	<name>CANISIUS COLLEGE</name>
	<street1>2001 MAIN STREET</street1>
	<street2></street2>
	<city>BUFFALO</city>
	<state>NY</state>
	<longitude>-78.8516130</longitude>
	<latitude>42.9129220</latitude>
	<zip>14208</zip>
	<phone>(716) 888-2769</phone>
</result>
<result>
	<name>CAPITAL UNIVERSITY</name>
	<street1>2199 EAST MAIN STREET</street1>
	<street2></street2>
	<city>COLUMBUS</city>
	<state>OH</state>
	<longitude>-82.9289900</longitude>
	<latitude>39.9591290</latitude>
	<zip>43209</zip>
	<phone>(614) 236-7114</phone>
</result>
<result>
	<name>CARSON-NEWMAN COLLEGE</name>
	<street1>1809 MANNING AVENUE</street1>
	<street2></street2>
	<city>JEFFERSON CITY</city>
	<state>TN</state>
	<longitude>-83.4937660</longitude>
	<latitude>36.1191610</latitude>
	<zip>37760</zip>
	<phone>(865) 471-3374</phone>
</result>
<result>
	<name>CENTRAL STATE UNIVERSITY</name>
	<street1>1400 BRUSH ROW RD</street1>
	<street2>JENKINS HALL RM 142</street2>
	<city>WILBERFORCE</city>
	<state>OH</state>
	<longitude>-83.8833560</longitude>
	<latitude>39.7091010</latitude>
	<zip>45384</zip>
	<phone>(937) 376-6208</phone>
</result>
<result>
	<name>CLARKSON UNIVERSITY</name>
	<street1>ARMY ROTC</street1>
	<street2>49 ELM STREET</street2>
	<city>POTSDAM</city>
	<state>NY</state>
	<longitude>-74.9861990</longitude>
	<latitude>44.6711600</latitude>
	<zip>13699</zip>
	<phone>(315) 265-2180</phone>
</result>
<result>
	<name>CLEMSON UNIVERSITY</name>
	<street1>JOHNSTONE HALL BOX 341351</street1>
	<street2></street2>
	<city>CLEMSON</city>
	<state>SC</state>
	<longitude>-82.8239620</longitude>
	<latitude>34.6731460</latitude>
	<zip>29634</zip>
	<phone>(864) 656-3107</phone>
</result>
<result>
	<name>COLLEGE OF WILLIAM AND MARY</name>
	<street1>DEPARTMENT OF MILITARY SCIENCE</street1>
	<street2>125 RICHMOND ROAD</street2>
	<city>WILLIAMSBURG</city>
	<state>VA</state>
	<longitude>-76.7100830</longitude>
	<latitude>37.2682380</latitude>
	<zip>23187</zip>
	<phone>(757) 221-3600</phone>
</result>
<result>
	<name>COLUMBUS STATE UNIVERSITY</name>
	<street1>4225 UNIVERSITY AVENUE</street1>
	<street2>"STANLEY HALL, RM 102 (ROTC)"</street2>
	<city>COLUMBUS</city>
	<state>GA</state>
	<longitude>-84.9036080</longitude>
	<latitude>32.4773040</latitude>
	<zip>31907</zip>
	<phone>(706) 568-2058/ 2207</phone>
</result>
<result>
	<name>CORNELL UNIVERSITY</name>
	<street1>101 BARTON HALL</street1>
	<street2>CORNELL UNIVERSITY</street2>
	<city>ITHACA</city>
	<state>NY</state>
	<longitude>-76.4873510</longitude>
	<latitude>42.4396360</latitude>
	<zip>14853</zip>
	<phone>(607) 255-4000</phone>
</result>
<result>
	<name>DICKINSON COLLEGE</name>
	<street1>450 W HIGH ST</street1>
	<street2>ARMY ROTC</street2>
	<city>CARLISLE</city>
	<state>PA</state>
	<longitude>-77.1949010</longitude>
	<latitude>40.2075390</latitude>
	<zip>17013</zip>
	<phone>(717) 245-1221</phone>
</result>
<result>
	<name>DREXEL UNIVERSITY</name>
	<street1>Drexel University Army ROTC</street1>
	<street2>33rd & Market Streets</street2>
	<city>PHILADELPHIA</city>
	<state>PA</state>
	<longitude>-75.1982030</longitude>
	<latitude>39.9637660</latitude>
	<zip>19104</zip>
	<phone>(215) 590-8808</phone>
</result>
<result>
	<name>DUKE UNIVERSITY</name>
	<street1>MILITARY SCIENCE ARMY ROTC</street1>
	<street2>06 WEST DUKE BLDG CAMPUS DR E</street2>
	<city>DURHAM</city>
	<state>NC</state>
	<longitude>-78.9386120</longitude>
	<latitude>35.9971890</latitude>
	<zip>27708</zip>
	<phone>(919) 660-3090</phone>
</result>
<result>
	<name>EAST CAROLINA UNIVERSITY</name>
	<street1>346 RAWL BLDG</street1>
	<street2></street2>
	<city>GREENVILLE</city>
	<state>NC</state>
	<longitude>-77.3512750</longitude>
	<latitude>35.5894070</latitude>
	<zip>27858</zip>
	<phone>(252) 328-6085</phone>
</result>
<result>
	<name>EAST TENNESSEE STATE UNIV</name>
	<street1>1 BROOKS CIRCLE</street1>
	<street2>EAST TENNESSEE STATE UNIVERSIT</street2>
	<city>JOHNSON CITY</city>
	<state>TN</state>
	<longitude>-82.3655840</longitude>
	<latitude>36.3308920</latitude>
	<zip>37614</zip>
	<phone>(423) 439-4269</phone>
</result>
<result>
	<name>EASTERN KENTUCKY UNIVERSITY</name>
	<street1>521 LANCASTER AV</street1>
	<street2>BEGLEY 524</street2>
	<city>RICHMOND</city>
	<state>KY</state>
	<longitude>-84.3000580</longitude>
	<latitude>37.7634100</latitude>
	<zip>40475</zip>
	<phone>(859) 622-1205/ 1209</phone>
</result>
<result>
	<name>EDINBORO UNIVERSITY OF PENNSYLVANIA</name>
	<street1>"G29 Hendricks, 235 Scotland Rd"</street1>
	<street2>Edinboro University of PA</street2>
	<city>EDINBORO</city>
	<state>PA</state>
	<longitude>-80.1303280</longitude>
	<latitude>41.8759500</latitude>
	<zip>16444</zip>
	<phone>(814) 732-2562</phone>
</result>
<result>
	<name>ELIZABETH CITY STATE UNIV</name>
	<street1>1704 WEEKSVILLE RD  ARMY ROTC</street1>
	<street2>ELIZABETH CITY STATE UNIVERSIT</street2>
	<city>ELIZABETH CITY</city>
	<state>NC</state>
	<longitude>-76.2333340</longitude>
	<latitude>36.2950100</latitude>
	<zip>27909</zip>
	<phone>(252) 335-3237/ 3490</phone>
</result>
<result>
	<name>EMBRY-RIDDLE AERONAUTICAL U</name>
	<street1>600 SOUTH CLYDE MORRIS BLVD</street1>
	<street2></street2>
	<city>DAYTONA BEACH</city>
	<state>FL</state>
	<longitude>-81.0423540</longitude>
	<latitude>29.1983560</latitude>
	<zip>32114</zip>
	<phone>(386) 226-6470 or toll free 1-888-437-2161</phone>
</result>
<result>
	<name>FLORIDA A&M UNIV</name>
	<street1>1500 WAHNISH WAY</street1>
	<street2></street2>
	<city>TALLAHASSEE</city>
	<state>FL</state>
	<longitude>-84.2883590</longitude>
	<latitude>30.4314830</latitude>
	<zip>32307</zip>
	<phone>(850) 599-3515</phone>
</result>
<result>
	<name>FLORIDA INST OF TECH</name>
	<street1>150 W UNIVERSITY BLVD</street1>
	<street2>REAR CAMPBELL HALL BASEMENT</street2>
	<city>MELBOURNE</city>
	<state>FL</state>
	<longitude>-80.6308230</longitude>
	<latitude>28.0740830</latitude>
	<zip>32901</zip>
	<phone>(321) 674-7438/ 8094</phone>
</result>
<result>
	<name>FLORIDA INTERNATIONAL UNIV</name>
	<street1>11200 SW 8th Street</street1>
	<street2>"University Park, Bldg. W10A"</street2>
	<city>MIAMI</city>
	<state>FL</state>
	<longitude>-80.3724920</longitude>
	<latitude>25.7591450</latitude>
	<zip>33199</zip>
	<phone>(305) 348-1619</phone>
</result>
<result>
	<name>FLORIDA SOUTHERN COLLEGE</name>
	<street1>111 LK HOLLINGSWORTH DR ROTC</street1>
	<street2></street2>
	<city>LAKELAND</city>
	<state>FL</state>
	<longitude>-81.9439080</longitude>
	<latitude>28.0379630</latitude>
	<zip>33801</zip>
	<phone>(863) 680-4235 or toll free 1-800-283-4234</phone>
</result>
<result>
	<name>FLORIDA STATE UNIV</name>
	<street1>BUILDING 121</street1>
	<street2>"ROOM 201, HARPE JOHNSON HALL"</street2>
	<city>TALLAHASSEE</city>
	<state>FL</state>
	<longitude>-84.2990830</longitude>
	<latitude>30.4424530</latitude>
	<zip>32306</zip>
	<phone>(850) 644-1016/ 8806</phone>
</result>
<result>
	<name>FORDHAM UNIVERSITY</name>
	<street1>"441 E FORDHAM ROAD, FMH Rm 130"</street1>
	<street2></street2>
	<city>BRONX</city>
	<state>NY</state>
	<longitude>-73.8907840</longitude>
	<latitude>40.8590350</latitude>
	<zip>10458</zip>
	<phone>(718) 817-4098</phone>
</result>
<result>
	<name>FORT VALLEY STATE UNIVERSITY</name>
	<street1>1005 STATE UNIVERSITY DRIVE</street1>
	<street2></street2>
	<city>FORT VALLEY</city>
	<state>GA</state>
	<longitude>-83.8829350</longitude>
	<latitude>32.5500730</latitude>
	<zip>31030</zip>
	<phone>(478) 825-6340/ 6868</phone>
</result>
<result>
	<name>FURMAN UNIVERSITY</name>
	<street1>3300 POINSETT HIGHWAY</street1>
	<street2></street2>
	<city>GREENVILLE</city>
	<state>SC</state>
	<longitude>-82.3826260</longitude>
	<latitude>34.7162700</latitude>
	<zip>29613</zip>
	<phone>(864) 294-2047/ 2160</phone>
</result>
<result>
	<name>GANNON UNIVERSITY</name>
	<street1>109 UNIVERSITY SQUARE</street1>
	<street2>"BEYER HALL, ROOM 408"</street2>
	<city>ERIE</city>
	<state>PA</state>
	<longitude>-80.0894520</longitude>
	<latitude>42.1247530</latitude>
	<zip>16541</zip>
	<phone>(814) 871-4433/ 7524</phone>
</result>
<result>
	<name>GEORGE MASON UNIVERSITY</name>
	<street1>"4400 UNIVERSITY DRIVE, MSN 2F9"</street1>
	<street2>S PE Module</street2>
	<city>FAIRFAX</city>
	<state>VA</state>
	<longitude>-77.3389160</longitude>
	<latitude>38.8325880</latitude>
	<zip>22030</zip>
	<phone>(703) 993-2706</phone>
</result>
<result>
	<name>GEORGETOWN UNIVERSITY</name>
	<street1>3520 PROSPECT ST  </street1>
	<street2>ARMY ROTC</street2>
	<city>WASHINGTON</city>
	<state>DC</state>
	<longitude>-77.0754700</longitude>
	<latitude>38.9052060</latitude>
	<zip>20057</zip>
	<phone>(202) 687-7056/ 7065</phone>
</result>
<result>
	<name>GEORGIA INST OF TECHNOLOGY</name>
	<street1>US ARMY ROTC DEPT</street1>
	<street2>220 Bobby Dodd Way</street2>
	<city>ATLANTA</city>
	<state>GA</state>
	<longitude>-84.3965680</longitude>
	<latitude>33.7772930</latitude>
	<zip>30332</zip>
	<phone>(404) 894-4760</phone>
</result>
<result>
	<name>GEORGIA MILITARY COLLEGE</name>
	<street1>201 E GREENE</street1>
	<street2>ARMY ROTC WILDER HALL</street2>
	<city>MILLEDGEVILLE</city>
	<state>GA</state>
	<longitude>-83.2450460</longitude>
	<latitude>33.0857320</latitude>
	<zip>31061</zip>
	<phone>(478) 445-2730</phone>
</result>
<result>
	<name>GEORGIA SOUTHERN UNIV</name>
	<street1>BLDG 207 FOREST DRIVE</street1>
	<street2>ARMY ROTC</street2>
	<city>STATESBORO</city>
	<state>GA</state>
	<longitude>-81.7453280</longitude>
	<latitude>32.4440470</latitude>
	<zip>30460</zip>
	<phone>(912) 681-5320</phone>
</result>
<result>
	<name>GEORGIA STATE UNIV</name>
	<street1>GSU - DEPT OF MIL SCIENCE ROTC</street1>
	<street2>"120 Courtland St., ARMY ROTC"</street2>
	<city>ATLANTA</city>
	<state>GA</state>
	<longitude>-84.3876050</longitude>
	<latitude>33.7554540</latitude>
	<zip>30302</zip>
	<phone>(404) 651-2481</phone>
</result>
<result>
	<name>HAMPTON UNIVERSITY</name>
	<street1>ARMSTRONG SLATER BUILDING</street1>
	<street2>HAMPTON UNIVERSITY</street2>
	<city>HAMPTON</city>
	<state>VA</state>
	<longitude>-76.3396980</longitude>
	<latitude>37.0237860</latitude>
	<zip>23668</zip>
	<phone>(757) 727-5244</phone>
</result>
<result>
	<name>HOFSTRA UNIVERSITY</name>
	<street1>265 PHYSICAL FITNESS CENTER</street1>
	<street2>230 HOFSTRA UNIVERSITY</street2>
	<city>HEMPSTEAD</city>
	<state>NY</state>
	<longitude>-73.6187850</longitude>
	<latitude>40.7056860</latitude>
	<zip>11549</zip>
	<phone>(516) 463-5311</phone>
</result>
<result>
	<name>HOWARD UNIVERSITY</name>
	<street1>2400 SIXTH ST NW </street1>
	<street2>ARMY ROTC</street2>
	<city>WASHINGTON</city>
	<state>DC</state>
	<longitude>-77.0161210</longitude>
	<latitude>38.9238580</latitude>
	<zip>20059</zip>
	<phone>(202) 806-6784</phone>
</result>
<result>
	<name>INDIANA UNIVERSITY OF PENNSYLVANIA</name>
	<street1>1160 MAPLE STREET</street1>
	<street2>PIERCE HALL</street2>
	<city>INDIANA</city>
	<state>PA</state>
	<longitude>-79.1539260</longitude>
	<latitude>40.6166060</latitude>
	<zip>15705</zip>
	<phone>(724) 357-2700 or toll free 1-800-487-7682</phone>
</result>
<result>
	<name>JAMES MADISON UNIVERSITY</name>
	<street1>"USAROTCIG, JAMES MADISON UNIV"</street1>
	<street2>"MSC 0401, 800 S. MAIN ST"</street2>
	<city>HARRISONBURG</city>
	<state>VA</state>
	<longitude>-78.8747120</longitude>
	<latitude>38.4343770</latitude>
	<zip>22807</zip>
	<phone>(540) 568-3633/ 6264</phone>
</result>
<result>
	<name>JOHN CARROLL UNIVERSITY</name>
	<street1>20700  NORTH PARK BLVD</street1>
	<street2>LOMBARDO STUDENT CENTER RM 202</street2>
	<city>UNIVERSITY HTS</city>
	<state>OH</state>
	<longitude>-81.5545940</longitude>
	<latitude>41.4987660</latitude>
	<zip>44118</zip>
	<phone>(216) 397-4421</phone>
</result>
<result>
	<name>KENT STATE UNIVERSITY</name>
	<street1>106 TERRACE HALL ANNEX</street1>
	<street2>KENT STATE UNIVERSITY</street2>
	<city>KENT</city>
	<state>OH</state>
	<longitude>-81.3626840</longitude>
	<latitude>41.1467420</latitude>
	<zip>44242</zip>
	<phone>(330) 672-2769</phone>
</result>
<result>
	<name>LEHIGH UNIVERSITY</name>
	<street1>LEHIGH UNIVERSITY ROTC</street1>
	<street2>29 TREMBLEY DRIVE (UNIVERSITY CTR)</street2>
	<city>BETHLEHEM</city>
	<state>PA</state>
	<longitude>-75.3691120</longitude>
	<latitude>40.6013950</latitude>
	<zip>18015</zip>
	<phone>(610) 758-3275</phone>
</result>
<result>
	<name>LOCK HAVEN UNIVERSITY OF PA</name>
	<street1>242 N. FAIRVIEW STREET</street1>
	<street2></street2>
	<city>LOCK HAVEN</city>
	<state>PA</state>
	<longitude>-77.4497010</longitude>
	<latitude>41.1346860</latitude>
	<zip>17745</zip>
	<phone>(570) 893-2299</phone>
</result>
<result>
	<name>LOYOLA COLLEGE</name>
	<street1>4501 NORTH CHARLES ST</street1>
	<street2></street2>
	<city>BALTIMORE</city>
	<state>MD</state>
	<longitude>-76.6359120</longitude>
	<latitude>39.3543600</latitude>
	<zip>21210</zip>
	<phone>(410) 617-2276</phone>
</result>
<result>
	<name>MARSHALL UNIVERSITY</name>
	<street1>One John Marshall Way</street1>
	<street2>"Gullickson Hall, Rm 217"</street2>
	<city>Huntington</city>
	<state>WV</state>
	<longitude>-82.4472100</longitude>
	<latitude>38.4164660</latitude>
	<zip>25755</zip>
	<phone>(304) 696-6450</phone>
</result>
<result>
	<name>MASSACHUSETTS INST OF TECH</name>
	<street1>201 VASSAR STREET</street1>
	<street2>BLDG W59-192</street2>
	<city>CAMBRIDGE</city>
	<state>MA</state>
	<longitude>-71.1034920</longitude>
	<latitude>42.3660360</latitude>
	<zip>02139</zip>
	<phone>(617) 253-4471</phone>
</result>
<result>
	<name>MCDANIEL COLLEGE</name>
	<street1>2 COLLEGE HILL</street1>
	<street2></street2>
	<city>WESTMINSTER</city>
	<state>MD</state>
	<longitude>-76.9790840</longitude>
	<latitude>39.5391090</latitude>
	<zip>21157</zip>
	<phone>(410) 857-2720/ 2727</phone>
</result>
<result>
	<name>MIDDLE TENNESSEE STATE UNIV</name>
	<street1>1500GreenlandDr.</street1>
	<street2>"Forrest Hall, Building 1832"</street2>
	<city>MURFREESBORO</city>
	<state>TN</state>
	<longitude>-86.3616720</longitude>
	<latitude>35.8503030</latitude>
	<zip>37132</zip>
	<phone>(615) 898-2470</phone>
</result>
<result>
	<name>MOREHEAD STATE UNIVERSITY</name>
	<street1>150 UNIVERSITY BOULEVARD</street1>
	<street2>UPO 1361</street2>
	<city>MOREHEAD</city>
	<state>KY</state>
	<longitude>-83.4399560</longitude>
	<latitude>38.1940980</latitude>
	<zip>40351</zip>
	<phone>(606) 783-2050</phone>
</result>
<result>
	<name>MORGAN STATE UNIVERSITY</name>
	<street1>1700 E COLDSPIRNG LANE</street1>
	<street2>Turners Armory</street2>
	<city>BALTIMORE</city>
	<state>MD</state>
	<longitude>-76.5859330</longitude>
	<latitude>39.3412060</latitude>
	<zip>21251</zip>
	<phone>(443) 885-3263</phone>
</result>
<result>
	<name>NIAGARA UNIVERSITY</name>
	<street1>ARMY ROTC</street1>
	<street2>"Sophomore Dr, Alumni Hall, LL"</street2>
	<city>NIAGARA UNIV</city>
	<state>NY</state>
	<longitude>-79.0359300</longitude>
	<latitude>43.1343500</latitude>
	<zip>14109</zip>
	<phone>(716) 286-8230</phone>
</result>
<result>
	<name>NORFOLK STATE UNIVERSITY</name>
	<street1>700 PARK AVE    SUITE 102 EMH</street1>
	<street2></street2>
	<city>NORFOLK</city>
	<state>VA</state>
	<longitude>-76.2658300</longitude>
	<latitude>36.8595990</latitude>
	<zip>23504</zip>
	<phone>(757) 823-9287</phone>
</result>
<result>
	<name>NORTH CAROLINA A&T STATE UNIV</name>
	<street1>1601 E. Market St.</street1>
	<street2></street2>
	<city>GREENSBORO</city>
	<state>NC</state>
	<longitude>-79.7763900</longitude>
	<latitude>36.0742460</latitude>
	<zip>27411</zip>
	<phone>(336) 334-7552</phone>
</result>
<result>
	<name>NORTH CAROLINA STATE UNIV</name>
	<street1>2411 DUNN AVENUE</street1>
	<street2>"RM 145, REYNOLDS COLISEUM"</street2>
	<city>RALEIGH</city>
	<state>NC</state>
	<longitude>-78.7130950</longitude>
	<latitude>35.8030470</latitude>
	<zip>27695</zip>
	<phone>(919) 515-2428</phone>
</result>
<result>
	<name>NORTH GEORGIA COLL & ST UNIV</name>
	<street1>82 COLLEGE CIRCLE</street1>
	<street2></street2>
	<city>DAHLONEGA</city>
	<state>GA</state>
	<longitude></longitude>
	<latitude></latitude>
	<zip>00003</zip>
	<phone>(706) 864-1776</phone>
</result>
<result>
	<name>NORTHEASTERN UNIVERSITY</name>
	<street1>335A HUNTINGTON AVE ARMY ROTC</street1>
	<street2></street2>
	<city>BOSTON</city>
	<state>MA</state>
	<longitude>-71.0944580</longitude>
	<latitude>42.3415350</latitude>
	<zip>02115</zip>
	<phone>(617) 373-2372</phone>
</result>
<result>
	<name>NORWICH UNIVERSITY</name>
	<street1>ARMY ROTC</street1>
	<street2>158 HARMON DRIVE</street2>
	<city>NORTHFIELD</city>
	<state>VT</state>
	<longitude>-72.6609460</longitude>
	<latitude>44.1498250</latitude>
	<zip>05663</zip>
	<phone>(802) 485-2480</phone>
</result>
<result>
	<name>OHIO UNIVERSITY</name>
	<street1>OHIO UNIVERSITY ARMY ROTC</street1>
	<street2>253 LINDLEY HALL</street2>
	<city>ATHENS</city>
	<state>OH</state>
	<longitude>-82.0964170</longitude>
	<latitude>39.3137100</latitude>
	<zip>45701</zip>
	<phone>(740) 593-1919</phone>
</result>
<result>
	<name>OLD DOMINION UNIVERSITY</name>
	<street1>U.S. Army ROTC</street1>
	<street2>119 Rollins Hall</street2>
	<city>NORFOLK</city>
	<state>VA</state>
	<longitude>-76.3110640</longitude>
	<latitude>36.8847210</latitude>
	<zip>23529</zip>
	<phone>(757) 683-3663</phone>
</result>
<result>
	<name>PRESBYTERIAN COLLEGE</name>
	<street1>503 S  BROAD STREET</street1>
	<street2>Jacobs Hall Basement</street2>
	<city>CLINTON</city>
	<state>SC</state>
	<longitude>-81.8871310</longitude>
	<latitude>34.4706850</latitude>
	<zip>29325</zip>
	<phone>(864) 833-8441/ 8442</phone>
</result>
<result>
	<name>PRINCETON UNIVERSITY</name>
	<street1>Army ROTC</street1>
	<street2>"1 Washington Rd, Armory Bldg"</street2>
	<city>PRINCETON</city>
	<state>NJ</state>
	<longitude></longitude>
	<latitude></latitude>
	<zip>00000</zip>
	<phone>(609) 258-4225</phone>
</result>
<result>
	<name>PROVIDENCE COLLEGE</name>
	<street1>US ARMY ROTC PROVIDENCE COLL</street1>
	<street2>549 RIVER AVENUE</street2>
	<city>PROVIDENCE</city>
	<state>RI</state>
	<longitude>-71.4191500</longitude>
	<latitude>41.8219450</latitude>
	<zip>02918</zip>
	<phone>(401) 865-2471</phone>
</result>
<result>
	<name>ROCHESTER INST OF TECHNOLOGY</name>
	<street1>16 LOMB MEMORIAL DRIVE</street1>
	<street2>"LEWIS P. ROSS BUILDING, 10"</street2>
	<city>ROCHESTER</city>
	<state>NY</state>
	<longitude>-77.6335880</longitude>
	<latitude>43.0816730</latitude>
	<zip>14623</zip>
	<phone>(585) 475-2881</phone>
</result>
<result>
	<name>SAINT AUGUSTINES COLLEGE</name>
	<street1>1315 OAKWOOD AVENUE</street1>
	<street2>"Tuttle Building, Room 211"</street2>
	<city>RALEIGH</city>
	<state>NC</state>
	<longitude>-78.5837870</longitude>
	<latitude>35.7616430</latitude>
	<zip>27610</zip>
	<phone>(919) 516-4544</phone>
</result>
<result>
	<name>SAINT BONAVENTURE UNIVERSITY</name>
	<street1>"3261 West State Rd,  ARMY ROTC"</street1>
	<street2>"Reilly Ctr, St Bonaventure Uni"</street2>
	<city>ST. BONAVENTURE</city>
	<state>NY</state>
	<longitude>-78.4746160</longitude>
	<latitude>42.0801510</latitude>
	<zip>14778</zip>
	<phone>(716) 375-2508/ 2568</phone>
</result>
<result>
	<name>SAINT JOHNS UNIVERSITY NEW YORK</name>
	<street1>8000 UTOPIA PKWAY</street1>
	<street2>Army ROTC</street2>
	<city>JAMAICA</city>
	<state>NY</state>
	<longitude>-73.7883630</longitude>
	<latitude>40.7228670</latitude>
	<zip>11439</zip>
	<phone>(718) 990-2747</phone>
</result>
<result>
	<name>SETON HALL UNIVERSITY</name>
	<street1>400 SOUTH ORANGE AVENUE</street1>
	<street2>ARMY ROTC INSTRUCTOR BATTALION</street2>
	<city>SOUTH ORANGE</city>
	<state>NJ</state>
	<longitude>-74.2607880</longitude>
	<latitude>40.7461970</latitude>
	<zip>07079</zip>
	<phone>(973) 313-6257</phone>
</result>
<result>
	<name>SHIPPENSBURG UNIVERSITY</name>
	<street1>1871 OLD MAIN DR</street1>
	<street2>WRIGHT HALL Rm 206</street2>
	<city>SHIPPENSBURG</city>
	<state>PA</state>
	<longitude>-77.5537380</longitude>
	<latitude>40.0387950</latitude>
	<zip>17257</zip>
	<phone>(717) 477-1782/ 1896</phone>
</result>
<result>
	<name>SIENA COLLEGE</name>
	<street1>515 LOUDON ROAD</street1>
	<street2></street2>
	<city>LOUDONVILLE</city>
	<state>NY</state>
	<longitude>-73.7720020</longitude>
	<latitude>42.7073820</latitude>
	<zip>12211</zip>
	<phone>(518) 783-2536</phone>
</result>
<result>
	<name>SLIPPERY ROCK UNIVERSITY</name>
	<street1>MILITARY SCIENCE DEPARTMENT</street1>
	<street2>101 BSB CAMPUS DRIVE</street2>
	<city>SLIPPERY ROCK</city>
	<state>PA</state>
	<longitude>-80.0536040</longitude>
	<latitude>41.0632410</latitude>
	<zip>16057</zip>
	<phone>(724) 738-2019/ 6175</phone>
</result>
<result>
	<name>SOUTH CAROLINA STATE UNIV</name>
	<street1>300 COLLEGE STREET</street1>
	<street2></street2>
	<city>ORANGEBURG</city>
	<state>SC</state>
	<longitude>-80.8443990</longitude>
	<latitude>33.4952050</latitude>
	<zip>29117</zip>
	<phone>(803) 536-7233</phone>
</result>
<result>
	<name>ST UNIVERSITY OF NY COL-BROCKPORT</name>
	<street1>350 NEW CAMPUS DRIVE</street1>
	<street2>"COOPER HALL, RM C-29"</street2>
	<city>BROCKPORT</city>
	<state>NY</state>
	<longitude>-77.9295020</longitude>
	<latitude>43.2145480</latitude>
	<zip>14420</zip>
	<phone>(585) 395-2249/ 5367</phone>
</result>
<result>
	<name>SYRACUSE UNIVERSITY</name>
	<street1>308 ARCHBOLD GYM  SYRACUSE U</street1>
	<street2></street2>
	<city>SYRACUSE</city>
	<state>NY</state>
	<longitude>-76.1337840</longitude>
	<latitude>43.0415750</latitude>
	<zip>13244</zip>
	<phone>(315) 443-2462</phone>
</result>
<result>
	<name>TEMPLE UNIVERSITY</name>
	<street1>1301 Montgomery Avenue</street1>
	<street2>Ritter Hall/Lower Level (004-0</street2>
	<city>PHILADELPHIA</city>
	<state>PA</state>
	<longitude>-75.1442440</longitude>
	<latitude>39.9767810</latitude>
	<zip>19122</zip>
	<phone>(215) 204-7480</phone>
</result>
<result>
	<name>TENNESSEE TECHNOLOGICAL UNIV</name>
	<street1>1151 STADIUM DRIVE</street1>
	<street2>"ROOM 301, WEST TUCKER STADIUM"</street2>
	<city>COOKEVILLE</city>
	<state>TN</state>
	<longitude>-85.4615110</longitude>
	<latitude>36.1820990</latitude>
	<zip>38505</zip>
	<phone>(931) 372-3283</phone>
</result>
<result>
	<name>THE CITADEL</name>
	<street1>U.S. ARMY ROTCIG</street1>
	<street2>"MSC 50, 171 MOULTRIE STREET"</street2>
	<city>CHARLESTON</city>
	<state>SC</state>
	<longitude>-79.9607700</longitude>
	<latitude>32.7942420</latitude>
	<zip>29409</zip>
	<phone>(843) 953-5224</phone>
</result>
<result>
	<name>THE JOHNS HOPKINS UNIVERSITY</name>
	<street1>3400 NORTH CHARLES STREET</street1>
	<street2>Department of Military Science</street2>
	<city>BALTIMORE</city>
	<state>MD</state>
	<longitude>-76.6051310</longitude>
	<latitude>39.3252560</latitude>
	<zip>21218</zip>
	<phone>(410) 516-7474</phone>
</result>
<result>
	<name>THE OHIO STATE UNIVERSITY</name>
	<street1>2121 TUTTLE PARK PLACE</street1>
	<street2>253 CONVERSE HALL</street2>
	<city>COLUMBUS</city>
	<state>OH</state>
	<longitude>-83.0214520</longitude>
	<latitude>40.0078550</latitude>
	<zip>43210</zip>
	<phone>(614) 292-6075</phone>
</result>
<result>
	<name>THE PENNSYLVANIA STATE UNIV</name>
	<street1>212 WAGNER BUILDING</street1>
	<street2></street2>
	<city>UNIVERSITY PARK</city>
	<state>PA</state>
	<longitude>-77.8341500</longitude>
	<latitude>40.8707170</latitude>
	<zip>16802</zip>
	<phone>(814) 863-0368/ 865-5031</phone>
</result>
<result>
	<name>THE RUTGERS STATE UNIVERSITY</name>
	<street1>157 COLLEGE AVENUE</street1>
	<street2></street2>
	<city>NEW BRUNSWICK</city>
	<state>NJ</state>
	<longitude>-74.4470330</longitude>
	<latitude>40.4879900</latitude>
	<zip>08901</zip>
	<phone>(732) 932-7313</phone>
</result>
<result>
	<name>THE UNIVERSITY OF AKRON</name>
	<street1>240 CARROLL ST</street1>
	<street2>"SCHRANK HALL SOUTH, ROOM 8"</street2>
	<city>AKRON</city>
	<state>OH</state>
	<longitude>-81.5103380</longitude>
	<latitude>41.0766720</latitude>
	<zip>44325</zip>
	<phone>(330) 972-7454</phone>
</result>
<result>
	<name>THE UNIVERSITY OF MEMPHIS</name>
	<street1>Army ROTC</street1>
	<street2>123 HAYDEN HALL</street2>
	<city>MEMPHIS</city>
	<state>TN</state>
	<longitude>-89.9397050</longitude>
	<latitude>35.1201230</latitude>
	<zip>38152</zip>
	<phone>(901) 678-2933</phone>
</result>
<result>
	<name>THE UNIVERSITY OF TOLEDO</name>
	<street1>UNIVERSITY OF TOLEDO ROTC BATTALION</street1>
	<street2>2801 Bancroft</street2>
	<city>TOLEDO</city>
	<state>OH</state>
	<longitude>-83.6026490</longitude>
	<latitude>41.6721030</latitude>
	<zip>43606</zip>
	<phone>(419) 530-2682</phone>
</result>
<result>
	<name>UNIVERSITY OF CONNECTICUT</name>
	<street1>362 Fairfield Road</street1>
	<street2>Unit 2069</street2>
	<city>STORRS</city>
	<state>CT</state>
	<longitude>-72.2475530</longitude>
	<latitude>41.8114190</latitude>
	<zip>06269</zip>
	<phone>(860) 486-4538</phone>
</result>
<result>
	<name>UNIVERSITY OF DELAWARE</name>
	<street1>314 Wyoming Road</street1>
	<street2></street2>
	<city>NEWARK</city>
	<state>DE</state>
	<longitude>-75.7387150</longitude>
	<latitude>39.7145070</latitude>
	<zip>19716</zip>
	<phone>(302) 831-2217/ 8213</phone>
</result>
<result>
	<name>UNIVERSITY OF FLORIDA</name>
	<street1>103 VANFLEET HAL</street1>
	<street2>103 VANFLEET HALL</street2>
	<city>GAINESVILLE</city>
	<state>FL</state>
	<longitude>-82.3496370</longitude>
	<latitude>29.6434430</latitude>
	<zip>32611</zip>
	<phone>(352) 392-1395</phone>
</result>
<result>
	<name>UNIVERSITY OF GEORGIA</name>
	<street1>265 BALDWIN STREET</street1>
	<street2>"MILITARY BUILDING, ROOM #6"</street2>
	<city>ATHENS</city>
	<state>GA</state>
	<longitude>-83.3184640</longitude>
	<latitude>33.9035030</latitude>
	<zip>30602</zip>
	<phone>(706) 542-2612</phone>
</result>
<result>
	<name>UNIVERSITY OF NC AT CHAPEL HILL</name>
	<street1>203 S. Coumbia Street</street1>
	<street2>ROTC Armory Room 113</street2>
	<city>Chapel Hill</city>
	<state>NC</state>
	<longitude>-79.0374740</longitude>
	<latitude>35.9349490</latitude>
	<zip>27514</zip>
	<phone>(919) 962-5546</phone>
</result>
<result>
	<name>UNIVERSITY OF NC AT CHARLOTTE</name>
	<street1>9201 UNIVERSITY CITY BLVD</street1>
	<street2>KENNEDY BLDG. ROOM 103</street2>
	<city>CHARLOTTE</city>
	<state>NC</state>
	<longitude>-80.7599560</longitude>
	<latitude>35.3274150</latitude>
	<zip>28223</zip>
	<phone>(704) 687-2411/ 2412</phone>
</result>
<result>
	<name>UNIVERSITY OF RHODE ISLAND</name>
	<street1>KEANEY GYMNASIUM</street1>
	<street2></street2>
	<city>KINGSTON</city>
	<state>RI</state>
	<longitude>-71.5251130</longitude>
	<latitude>41.4818020</latitude>
	<zip>02881</zip>
	<phone>(401) 874-2385</phone>
</result>
<result>
	<name>UNIVERSITY OF SOUTH CAROLINA</name>
	<street1>503 MAIN STREET ARMY ROTC</street1>
	<street2></street2>
	<city>COLUMBIA</city>
	<state>SC</state>
	<longitude>-81.0078420</longitude>
	<latitude>33.9750390</latitude>
	<zip>29208</zip>
	<phone>(803) 777-6542</phone>
</result>
<result>
	<name>UNIVERSITY OF SOUTH FLORIDA</name>
	<street1>4202 E FOWLER AVE BEH339</street1>
	<street2></street2>
	<city>TAMPA</city>
	<state>FL</state>
	<longitude>-82.4108070</longitude>
	<latitude>28.0607360</latitude>
	<zip>33620</zip>
	<phone>(813) 974-2897</phone>
</result>
<result>
	<name>UNIVERSITY OF TAMPA</name>
	<street1>401 WEST KENNEDY BLVD</street1>
	<street2>ARMY ROTC</street2>
	<city>TAMPA</city>
	<state>FL</state>
	<longitude>-82.4631610</longitude>
	<latitude>27.9443140</latitude>
	<zip>33606</zip>
	<phone>(813) 258-7200</phone>
</result>
<result>
	<name>UNIVERSITY OF TENNESSEE AT KNOXVILLE</name>
	<street1>1720 VOLUNTEER BOULEVARD</street1>
	<street2>"STOKELY ATHLETICS CTR, RM 210"</street2>
	<city>KNOXVILLE</city>
	<state>TN</state>
	<longitude>-83.9370370</longitude>
	<latitude>35.9560340</latitude>
	<zip>37996</zip>
	<phone>(865) 974-5371</phone>
</result>
<result>
	<name>UNIVERSITY OF TENNESSEE AT MARTIN</name>
	<street1>ROTC BUILDING MOODY AVENUE</street1>
	<street2>HARDY M GRAHAM SKYHAWK STADIUM</street2>
	<city>MARTIN</city>
	<state>TN</state>
	<longitude>-88.8582640</longitude>
	<latitude>36.3443290</latitude>
	<zip>38238</zip>
	<phone>(731) 881-7150</phone>
</result>
<result>
	<name>UNIVERSITY OF CENTRAL FLORIDA</name>
	<street1>4000 CENTRAL FLORIDA BLVD</street1>
	<street2>"BLDG 501, ROOM 112"</street2>
	<city>ORLANDO</city>
	<state>FL</state>
	<longitude>-81.2048010</longitude>
	<latitude>28.6061190</latitude>
	<zip>32816</zip>
	<phone>(407) 823-5383</phone>
</result>
<result>
	<name>UNIVERSITY OF CINCINNATI</name>
	<street1>2585 DENNIS ST</street1>
	<street2></street2>
	<city>CINCINNATI</city>
	<state>OH</state>
	<longitude>-84.5169320</longitude>
	<latitude>39.1303200</latitude>
	<zip>45221</zip>
	<phone>(513) 556-3660</phone>
</result>
<result>
	<name>UNIVERSITY OF DAYTON</name>
	<street1>300 COLLEGE PARK</street1>
	<street2></street2>
	<city>DAYTON</city>
	<state>OH</state>
	<longitude>-84.1906520</longitude>
	<latitude>39.7211660</latitude>
	<zip>45469</zip>
	<phone>(937) 229-3326</phone>
</result>
<result>
	<name>UNIVERSITY OF KENTUCKY</name>
	<street1>110 BARKER HALL</street1>
	<street2></street2>
	<city>LEXINGTON</city>
	<state>KY</state>
	<longitude>-84.5080620</longitude>
	<latitude>38.0305760</latitude>
	<zip>40506</zip>
	<phone>(859) 257-2696</phone>
</result>
<result>
	<name>UNIVERSITY OF LOUISVILLE</name>
	<street1>2301 S. 3rd str</street1>
	<street2>Dougherty Hall RM 214</street2>
	<city>LOUISVILLE</city>
	<state>KY</state>
	<longitude>-85.6698490</longitude>
	<latitude>38.2318260</latitude>
	<zip>40292</zip>
	<phone>(502) 852-7902</phone>
</result>
<result>
	<name>UNIVERSITY OF MAINE</name>
	<street1>RM 114 ARMORY</street1>
	<street2></street2>
	<city>ORONO</city>
	<state>ME</state>
	<longitude>-68.6727330</longitude>
	<latitude>44.9011130</latitude>
	<zip>04469</zip>
	<phone>(207) 581-1122</phone>
</result>
<result>
	<name>University of Maryland CP</name>
	<street1>1150 COLE STUDENT ACTIVITIES</street1>
	<street2>UNIVERSITY OF MARYLAND</street2>
	<city>COLLEGE PARK</city>
	<state>MD</state>
	<longitude></longitude>
	<latitude></latitude>
	<zip>00002</zip>
	<phone>(301) 314-9238</phone>
</result>
<result>
	<name>UNIVERSITY OF MASSACHUSETTS</name>
	<street1>UNIVERSITY OF MASSACHUSETTS</street1>
	<street2>ARMY ROTC 101 COMMONWEALTH AVE</street2>
	<city>AMHERST</city>
	<state>MA</state>
	<longitude>-72.5284270</longitude>
	<latitude>42.4052400</latitude>
	<zip>01003</zip>
	<phone>(413) 545-2321</phone>
</result>
<result>
	<name>UNIVERSITY OF NEW HAMPSHIRE</name>
	<street1>45 COLLEGE ROAD</street1>
	<street2></street2>
	<city>DURHAM</city>
	<state>NH</state>
	<longitude>-70.9440060</longitude>
	<latitude>43.1266890</latitude>
	<zip>03824</zip>
	<phone>(603) 862-1078</phone>
</result>
<result>
	<name>UNIVERSITY OF PITTSBURGH</name>
	<street1>ARMY ROTC 315 S BELLEFIELD AVE</street1>
	<street2>409 BELLEFIELD HALL</street2>
	<city>PITTSBURGH</city>
	<state>PA</state>
	<longitude>-79.9457000</longitude>
	<latitude>40.4412340</latitude>
	<zip>15260</zip>
	<phone>(412) 624-6254</phone>
</result>
<result>
	<name>UNIVERSITY OF PR MAYAGUEZ</name>
	<street1>LOS CAOBOS AVE</street1>
	<street2>UPRM SANCHEZ HALL  ROTC BLDG</street2>
	<city>MAYAGUEZ</city>
	<state>PR</state>
	<longitude>-67.1446890</longitude>
	<latitude>18.2043110</latitude>
	<zip>00681</zip>
	<phone>(787) 833-0054</phone>
</result>
<result>
	<name>UNIVERSITY OF PR RIO PIEDRAS</name>
	<street1>BARBOSA AVE COR OF PINERO AVE</street1>
	<street2></street2>
	<city>SAN JUAN</city>
	<state>PR</state>
	<longitude>-66.0503330</longitude>
	<latitude>18.3988690</latitude>
	<zip>00925</zip>
	<phone>(787) 764-0000</phone>
</result>
<result>
	<name>UNIVERSITY OF RICHMOND</name>
	<street1>MILITARY SCIENCE & LEADERSHIP</street1>
	<street2>28 WESTHAMPTON WAY</street2>
	<city>RICHMOND</city>
	<state>VA</state>
	<longitude>-77.5345550</longitude>
	<latitude>37.5777850</latitude>
	<zip>23173</zip>
	<phone>(804) 287-6066</phone>
</result>
<result>
	<name>UNIVERSITY OF SCRANTON</name>
	<street1>ROTC DEPT  ROCK HALL RM 101</street1>
	<street2>MONROE & MULBERRY STREETS</street2>
	<city>Scranton</city>
	<state>PA</state>
	<longitude>-75.6477950</longitude>
	<latitude>41.4070840</latitude>
	<zip>18510</zip>
	<phone>(570) 941-7457 or cell phone (570) 881-2406</phone>
</result>
<result>
	<name>UNIVERSITY OF VERMONT</name>
	<street1>128 UNIVERSITY HEIGHTS</street1>
	<street2></street2>
	<city>BURLINGTON</city>
	<state>VT</state>
	<longitude>-73.2031760</longitude>
	<latitude>44.4773270</latitude>
	<zip>05405</zip>
	<phone>(802) 656-2966</phone>
</result>
<result>
	<name>UNIVERSITY OF VIRGINIA</name>
	<street1>530 McCormick Avenue</street1>
	<street2>Room 120</street2>
	<city>CHARLOTTESVILLE</city>
	<state>VA</state>
	<longitude>-78.4711580</longitude>
	<latitude>38.0009470</latitude>
	<zip>22904</zip>
	<phone>(434) 924-7101</phone>
</result>
<result>
	<name>VA POLY INST AND STATE UNIV</name>
	<street1>226 MILITARY BUILDING (0207)</street1>
	<street2></street2>
	<city>BLACKSBURG</city>
	<state>VA</state>
	<longitude>-80.4148860</longitude>
	<latitude>37.2290330</latitude>
	<zip>24060</zip>
	<phone>(540) 231-4804</phone>
</result>
<result>
	<name>VALLEY FORGE MIL ACAD & COLL</name>
	<street1>1001 EAGLE ROAD</street1>
	<street2></street2>
	<city>WAYNE</city>
	<state>PA</state>
	<longitude>-75.3832990</longitude>
	<latitude>40.0385080</latitude>
	<zip>19087</zip>
	<phone>(610) 989-1445</phone>
</result>
<result>
	<name>VANDERBILT UNIVERSITY</name>
	<street1>ARMY ROTC</street1>
	<street2>230 APPLETON PLACE</street2>
	<city>NASHVILLE</city>
	<state>TN</state>
	<longitude>-86.7892800</longitude>
	<latitude>36.1558730</latitude>
	<zip>37203</zip>
	<phone>(615) 322-8550</phone>
</result>
<result>
	<name>VIRGINIA MILITARY INSTITUTE</name>
	<street1>ARMY ROTC DEPARTMENT</street1>
	<street2>217 KILBOURNE HALL</street2>
	<city>LEXINGTON</city>
	<state>VA</state>
	<longitude>-79.4445730</longitude>
	<latitude>37.7797310</latitude>
	<zip>24450</zip>
	<phone>(540) 464-7351</phone>
</result>
<result>
	<name>VIRGINIA STATE UNIVERSITY</name>
	<street1>JBB BUILDING</street1>
	<street2>ARMY ROTC</street2>
	<city>PETERSBURG</city>
	<state>VA</state>
	<longitude>-77.4030860</longitude>
	<latitude>37.2263770</latitude>
	<zip>23806</zip>
	<phone>(804) 524-5216</phone>
</result>
<result>
	<name>WAKE FOREST UNIVERSITY</name>
	<street1>ARMY ROTC</street1>
	<street2>IS BLDG CARROLL WEATHERS DRIVE</street2>
	<city>WINSTON-SALEM</city>
	<state>NC</state>
	<longitude>-80.2859960</longitude>
	<latitude>36.1225790</latitude>
	<zip>27109</zip>
	<phone>(336) 758-4546/ 5308</phone>
</result>
<result>
	<name>WEST VIRGINIA STATE UNIVERSITY</name>
	<street1>ARMY ROTC</street1>
	<street2>RT 25 & BARRON DR</street2>
	<city>INSTITUTE</city>
	<state>WV</state>
	<longitude>-81.7624330</longitude>
	<latitude>38.3777950</latitude>
	<zip>25112</zip>
	<phone>(304) 766-3109</phone>
</result>
<result>
	<name>WEST VIRGINIA UNIVERSITY</name>
	<street1>STANSBURY HALL RM 25D PO 6767</street1>
	<street2></street2>
	<city>MORGANTOWN</city>
	<state>WV</state>
	<longitude>-79.9733190</longitude>
	<latitude>39.6188770</latitude>
	<zip>26506</zip>
	<phone>3042932911 (ext. 33135)</phone>
</result>
<result>
	<name>WESTERN KENTUCKY UNIVERSITY</name>
	<street1>1906 College Heights Blvd</street1>
	<street2>#31090</street2>
	<city>BOWLING GREEN</city>
	<state>KY</state>
	<longitude>-86.4587330</longitude>
	<latitude>37.0181720</latitude>
	<zip>42101</zip>
	<phone>(270) 745-4293</phone>
</result>
<result>
	<name>WIDENER UNIVERSITY</name>
	<street1>ONE UNIVERSITY PLACE</street1>
	<street2>ATTN: Army ROTC</street2>
	<city>CHESTER</city>
	<state>PA</state>
	<longitude>-75.3763750</longitude>
	<latitude>39.8477090</latitude>
	<zip>19013</zip>
	<phone>(610) 499-4098</phone>
</result>
<result>
	<name>WOFFORD COLLEGE</name>
	<street1>429 NORTH CHURCH STREET</street1>
	<street2>DANIEL BUILDING</street2>
	<city>SPARTANBURG</city>
	<state>SC</state>
	<longitude>-81.9616100</longitude>
	<latitude>34.9918990</latitude>
	<zip>29303</zip>
	<phone>(864) 597-4331</phone>
</result>
<result>
	<name>WORCESTER POLYTECHNIC INST</name>
	<street1>100 INSTITUTE ROAD</street1>
	<street2></street2>
	<city>WORCESTER</city>
	<state>MA</state>
	<longitude>-71.8194910</longitude>
	<latitude>42.2764150</latitude>
	<zip>01609</zip>
	<phone>(508) 831-5268</phone>
</result>
<result>
	<name>WRIGHT STATE UNIVERSITY</name>
	<street1>328 FAWCETT HALL</street1>
	<street2>3640 COLONEL GLENN HIGHWAY</street2>
	<city>DAYTON</city>
	<state>OH</state>
	<longitude>-84.0859130</longitude>
	<latitude>39.7667820</latitude>
	<zip>45435</zip>
	<phone>(937) 775-2474/ 2763</phone>
</result>
<result>
	<name>XAVIER UNIVERSITY</name>
	<street1>3904 WINDING WAY</street1>
	<street2></street2>
	<city>CINCINNATI</city>
	<state>OH</state>
	<longitude>-84.4878660</longitude>
	<latitude>39.1497360</latitude>
	<zip>45229</zip>
	<phone>(513) 745-3646 (press 1)</phone>
</result>
<result>
	<name>GRAMBLING STATE UNIVERSITY</name>
	<street1>100 ROBINSON STREET</street1>
	<street2>ARMY ROTC BUILDING</street2>
	<city>GRAMBLING</city>
	<state>LA</state>
	<longitude>-92.7151770</longitude>
	<latitude>32.5237910</latitude>
	<zip>71245</zip>
	<phone>3182742646</phone>
</result>
<result>
	<name>LOUISIANA STATE UNIVERSITY</name>
	<street1>"106 MIL SCI BLDG, LA ST UNIV"</street1>
	<street2>200 S STADIUM DRIVE</street2>
	<city>BATON ROUGE</city>
	<state>LA</state>
	<longitude>-91.1886690</longitude>
	<latitude>30.4080180</latitude>
	<zip>70803</zip>
	<phone>2255782371</phone>
</result>
<result>
	<name>NORTHWESTERN STATE UNIVERSITY</name>
	<street1>BLDG 31 CASPARI STREET</street1>
	<street2>ARMY ROTC</street2>
	<city>"NATCHITOCHES,"</city>
	<state>LA</state>
	<longitude>-93.1012400</longitude>
	<latitude>31.7550630</latitude>
	<zip>71497</zip>
	<phone>3183575156</phone>
</result>
<result>
	<name>SOUTHERN UNIVERSITY & A&M COLLEGE</name>
	<street1>ARMY ROTC BLDG 20</street1>
	<street2>SOUTHERN UNIVERSITY AND A&M COLLEGE</street2>
	<city>BATON ROUGE</city>
	<state>LA</state>
	<longitude>-91.1094380</longitude>
	<latitude>30.4264580</latitude>
	<zip>70813</zip>
	<phone>2257714160</phone>
</result>
<result>
	<name>TULANE UNIVERSITY</name>
	<street1>6823 ST CHARLES AVE</street1>
	<street2></street2>
	<city>NEW ORLEANS</city>
	<state>LA</state>
	<longitude>-90.1234220</longitude>
	<latitude>29.9546350</latitude>
	<zip>70118</zip>
	<phone>5048655594</phone>
</result>
<result>
	<name>TUSKEGEE UNIVERSITY</name>
	<street1>ARMY ROTC</street1>
	<street2>ROOM 204 CHAPPIE JAMES CENTER</street2>
	<city>TUSKEGEE INSTITUTE</city>
	<state>AL</state>
	<longitude>-85.6815390</longitude>
	<latitude>32.4129920</latitude>
	<zip>36087</zip>
	<phone>3347278380</phone>
</result>
<result>
	<name>THE UNIVERSITY OF ALABAMA</name>
	<street1>610 CAPSTONE DRIVE</street1>
	<street2></street2>
	<city>TUSCALOOSA</city>
	<state>AL</state>
	<longitude>-87.5391900</longitude>
	<latitude>33.2156650</latitude>
	<zip>35487</zip>
	<phone>2053485917</phone>
</result>
<result>
	<name>U OF ALABAMA-BIRMINGHAM</name>
	<street1>1045 9th Avenue South</street1>
	<street2>off University Boulevard</street2>
	<city>BIRMINGHAM</city>
	<state>AL</state>
	<longitude>-86.8078750</longitude>
	<latitude>33.5101090</latitude>
	<zip>35294</zip>
	<phone>2059347215</phone>
</result>
<result>
	<name>UNIVERSITY OF SOUTH ALABAMA</name>
	<street1>ARMY ROTC UNIVERSITY OF SOUTH ALA</street1>
	<street2>307 UNIVERSITY BOULEVARD</street2>
	<city>MOBILE</city>
	<state>AL</state>
	<longitude>-88.1898320</longitude>
	<latitude>30.6889660</latitude>
	<zip>36688</zip>
	<phone>2514606341</phone>
</result>
<result>
	<name>AUBURN UNIVERSITY AT MONTGOMERY</name>
	<street1>7400 EAST DRIVE TAYLOR CENTER</street1>
	<street2>RM 315 ARMY ROTC</street2>
	<city>MONTGOMERY</city>
	<state>AL</state>
	<longitude>-86.1757380</longitude>
	<latitude>32.3936330</latitude>
	<zip>36124</zip>
	<phone>3342443528</phone>
</result>
<result>
	<name>ALCORN STATE UNIVERSITY</name>
	<street1>1000 ASU DR  BLDG 18 ARMY ROTC</street1>
	<street2>ALCORN STATE UNIVERSITY</street2>
	<city>ALCORN STATE</city>
	<state>MS</state>
	<longitude>-91.1970380</longitude>
	<latitude>31.8171590</latitude>
	<zip>39096</zip>
	<phone>6018776370</phone>
</result>
<result>
	<name>JACKSON STATE UNIV</name>
	<street1>1400 J R LYNCH STREET</street1>
	<street2>ARMY ROTC</street2>
	<city>JACKSON</city>
	<state>MS</state>
	<longitude>-90.1860950</longitude>
	<latitude>32.2889410</latitude>
	<zip>39217</zip>
	<phone>6019792175</phone>
</result>
<result>
	<name>MISSISSIPPI STATE UNIV</name>
	<street1>ARMY ROTC</street1>
	<street2>Hardy/Lee Blvds(Middleton Hall</street2>
	<city>MS STATE</city>
	<state>MS</state>
	<longitude>-88.7860620</longitude>
	<latitude>33.4579930</latitude>
	<zip>39762</zip>
	<phone>6623253503</phone>
</result>
<result>
	<name>UNIVERSITY OF MISSISSIPPI</name>
	<street1>101 Barnard Hall</street1>
	<street2>ARMY ROTC</street2>
	<city>UNIVERSITY</city>
	<state>MS</state>
	<longitude>-89.5289560</longitude>
	<latitude>34.3673900</latitude>
	<zip>38677</zip>
	<phone>6629157085</phone>
</result>
<result>
	<name>UNIVERSITY OF SOUTHERN MISSISSIPP</name>
	<street1>2609 West Fourth Street</street1>
	<street2></street2>
	<city>HATTIESBURG</city>
	<state>MS</state>
	<longitude>-89.3389320</longitude>
	<latitude>31.3301810</latitude>
	<zip>39406</zip>
	<phone>6012664456</phone>
</result>
<result>
	<name>UNIVERSITY OF WEST FLORIDA</name>
	<street1> 11000 UNIVERSITY PARKWAY</street1>
	<street2>BUILDING 77</street2>
	<city>PENSACOLA</city>
	<state>FL</state>
	<longitude>-87.2360380</longitude>
	<latitude>30.5246130</latitude>
	<zip>32514</zip>
	<phone>8504742198</phone>
</result>
<result>
	<name>ALABAMA A&M UNIVERSITY</name>
	<street1>ARMY ROTC</street1>
	<street2>4900 MERIDIAN ST</street2>
	<city>NORMAL</city>
	<state>AL</state>
	<longitude>-86.5690000</longitude>
	<latitude>34.7929120</latitude>
	<zip>35762</zip>
	<phone>2563725776</phone>
</result>
<result>
	<name>AUBURN UNIVERSITY</name>
	<street1>NICHOLS CENTER DONAHUE DRIVE</street1>
	<street2>ARMY ROTC BN</street2>
	<city>AUBURN</city>
	<state>AL</state>
	<longitude>-85.5084960</longitude>
	<latitude>32.6021390</latitude>
	<zip>36849</zip>
	<phone>3348444305</phone>
</result>
<result>
	<name>UNIVERSITY OF NORTH ALABAMA</name>
	<street1>One Harrison PLAZA</street1>
	<street2>ARMY ROTC</street2>
	<city>FLORENCE</city>
	<state>AL</state>
	<longitude>-87.6066510</longitude>
	<latitude>34.8417100</latitude>
	<zip>35632</zip>
	<phone>2567654271</phone>
</result>
<result>
	<name>JACKSONVILLE STATE UNIVERSITY</name>
	<street1>ROWE HALL CHURCH AVE NE</street1>
	<street2>ARMY ROTC</street2>
	<city>JACKSONVILLE</city>
	<state>AL</state>
	<longitude>-85.7791230</longitude>
	<latitude>33.8313720</latitude>
	<zip>36265</zip>
	<phone>2567825601</phone>
</result>
<result>
	<name>MARION MILITARY INSTITUTE</name>
	<street1>1101 WASHINGTON STREET</street1>
	<street2></street2>
	<city>MARION</city>
	<state>AL</state>
	<longitude>-87.3186140</longitude>
	<latitude>32.6259230</latitude>
	<zip>36756</zip>
	<phone>3346832327</phone>
</result>
<result>
	<name>CENTRAL MICHIGAN UNIVERSITY</name>
	<street1>MILITARY SCIENCE DEPARTMENT</street1>
	<street2>"1275 S FRANKLIN, FINCH 111"</street2>
	<city>MT PLEASANT</city>
	<state>MI</state>
	<longitude>-84.7780090</longitude>
	<latitude>43.5976020</latitude>
	<zip>48859</zip>
	<phone>9897743049</phone>
</result>
<result>
	<name>EASTERN MICHIGAN UNIVERSITY</name>
	<street1>18 ROOSEVELT HALL</street1>
	<street2></street2>
	<city>YPSILANTI</city>
	<state>MI</state>
	<longitude>-83.6237670</longitude>
	<latitude>42.2331320</latitude>
	<zip>48197</zip>
	<phone>7344871020</phone>
</result>
<result>
	<name>MICHIGAN STATE UNIVERSITY</name>
	<street1>South Side Kalamazoo Street</street1>
	<street2>113 Demonstration Hall</street2>
	<city>East Lansing</city>
	<state>MI</state>
	<longitude>-84.4920320</longitude>
	<latitude>42.6539790</latitude>
	<zip>48824</zip>
	<phone>5173551913</phone>
</result>
<result>
	<name>MICHIGAN TECHNOLOGICAL UNIV</name>
	<street1>1400 TOWNSEND DRIVE</street1>
	<street2>Bldg #4 ROTC Center</street2>
	<city>HOUGHTON</city>
	<state>MI</state>
	<longitude>-88.5634070</longitude>
	<latitude>47.1152320</latitude>
	<zip>49931</zip>
	<phone>9064872650</phone>
</result>
<result>
	<name>NORTHERN MICHIGAN UNIVERSITY</name>
	<street1>DEPT OF MIL SCI/NMU</street1>
	<street2>1401 PRESQUE ISLE</street2>
	<city>MARQUETTE</city>
	<state>MI</state>
	<longitude>-87.3892100</longitude>
	<latitude>46.5270060</latitude>
	<zip>49855</zip>
	<phone>9062272236</phone>
</result>
<result>
	<name>ROSE-HULMAN INST OF TECH</name>
	<street1>CM 31 5500 WABASH AVE</street1>
	<street2>LOGAN LIBRARY LOWER LEVEL</street2>
	<city>TERRE HAUTE</city>
	<state>IN</state>
	<longitude>-87.3543110</longitude>
	<latitude>39.4655490</latitude>
	<zip>47803</zip>
	<phone>8128778260</phone>
</result>
<result>
	<name>UNIVERSITY OF NOTRE DAME</name>
	<street1>216 PASQUERILLA CENTER</street1>
	<street2></street2>
	<city>NOTRE DAME</city>
	<state>IN</state>
	<longitude>-86.2392840</longitude>
	<latitude>41.6939010</latitude>
	<zip>46556</zip>
	<phone>5746316986</phone>
</result>
<result>
	<name>UNIVERSITY OF MICHIGAN</name>
	<street1>1105 N UNIVERSITY AVE</street1>
	<street2>212 NORTH HALL</street2>
	<city>ANN ARBOR</city>
	<state>MI</state>
	<longitude>-83.7151450</longitude>
	<latitude>42.2898490</latitude>
	<zip>48109</zip>
	<phone>7347642400</phone>
</result>
<result>
	<name>WESTERN MICHIGAN UNIVERSITY</name>
	<street1>MILITARY SCIENCE DEPT.</street1>
	<street2>1903 WEST MICHIGAN AVE</street2>
	<city>KALAMAZOO</city>
	<state>MI</state>
	<longitude>-85.6079340</longitude>
	<latitude>42.2617740</latitude>
	<zip>49008</zip>
	<phone>2693878120</phone>
</result>
<result>
	<name>NORTHERN ILLINOIS UNIVERSITY</name>
	<street1>DEPT OF MILITARY SCIENCE</street1>
	<street2>NORTHERN ILLINOIS UNIVERSITY</street2>
	<city>DEKALB</city>
	<state>IL</state>
	<longitude>-88.7507640</longitude>
	<latitude>41.9293270</latitude>
	<zip>60115</zip>
	<phone>8157530574</phone>
</result>
<result>
	<name>UNIVERSITY OF ILLINOIS AT CHICAGO</name>
	<street1>728 W ROOSEVELT RD</street1>
	<street2>(M/C 252)</street2>
	<city>CHICAGO</city>
	<state>IL</state>
	<longitude>-87.6505820</longitude>
	<latitude>41.8794100</latitude>
	<zip>60607</zip>
	<phone>3129963451</phone>
</result>
<result>
	<name>WHEATON COLLEGE</name>
	<street1>WHEATON COLLEGE</street1>
	<street2>501 COLLEGE AVENUE</street2>
	<city>WHEATON</city>
	<state>IL</state>
	<longitude>-88.1124650</longitude>
	<latitude>41.8575590</latitude>
	<zip>60187</zip>
	<phone>6307525121</phone>
</result>
<result>
	<name>BALL STATE UNIVERSITY</name>
	<street1>2000 W UNIVERSITY AVE  BG 111</street1>
	<street2></street2>
	<city>MUNCIE</city>
	<state>IN</state>
	<longitude>-85.4070980</longitude>
	<latitude>40.2008900</latitude>
	<zip>47306</zip>
	<phone>7652858341</phone>
</result>
<result>
	<name>INDIANA UNIVERSITY</name>
	<street1>814 EAST THIRD STREET</street1>
	<street2></street2>
	<city>BLOOMINGTON</city>
	<state>IN</state>
	<longitude>-86.5231570</longitude>
	<latitude>39.1720550</latitude>
	<zip>47405</zip>
	<phone>8128557682</phone>
</result>
<result>
	<name>IN U-PURDUE UNIVERSITY INDIANAPOLIS</name>
	<street1>620 UNION DRIVE ROOM 326</street1>
	<street2></street2>
	<city>INDIANAPOLIS</city>
	<state>IN</state>
	<longitude>-86.1594620</longitude>
	<latitude>39.7897890</latitude>
	<zip>46202</zip>
	<phone>3172742691</phone>
</result>
<result>
	<name>PURDUE UNIVERSITY</name>
	<street1>812 THIRD STREET</street1>
	<street2></street2>
	<city>WEST LAFAYETTE</city>
	<state>IN</state>
	<longitude>-86.8779880</longitude>
	<latitude>40.3687190</latitude>
	<zip>47907</zip>
	<phone>7654942099</phone>
</result>
<result>
	<name>MARQUETTE UNIVERSITY</name>
	<street1>    1508 W CLYBOURN ST</street1>
	<street2></street2>
	<city>MILWAUKEE</city>
	<state>WI</state>
	<longitude>-87.9324080</longitude>
	<latitude>43.0369850</latitude>
	<zip>53233</zip>
	<phone>4142887195</phone>
</result>
<result>
	<name>UNIVERSITY OF WISCONSIN-MADISON</name>
	<street1>Dept. of Military Science</street1>
	<street2>1910 Linden Drive West</street2>
	<city>MADISON</city>
	<state>WI</state>
	<longitude>-89.4105730</longitude>
	<latitude>43.0728210</latitude>
	<zip>53706</zip>
	<phone>6082623411</phone>
</result>
<result>
	<name>UNIVERSITY OF WISCONSIN-LA CROSSE</name>
	<street1>1725 STATE ST</street1>
	<street2></street2>
	<city>LA CROSSE</city>
	<state>WI</state>
	<longitude>-91.2210890</longitude>
	<latitude>43.7958360</latitude>
	<zip>54601</zip>
	<phone>6087858404</phone>
</result>
<result>
	<name>UNIVERSITY OF WISCONSIN-OSHKOSH</name>
	<street1>DEPARTMENT MILITARY SCIENCE</street1>
	<street2>800 ALGOMA BOULEVARD</street2>
	<city>OSHKOSH</city>
	<state>WI</state>
	<longitude>-88.5383640</longitude>
	<latitude>44.0171380</latitude>
	<zip>54901</zip>
	<phone>9204243400</phone>
</result>
<result>
	<name>UNIVERSITY OF WISCONSIN-STEVENS PT</name>
	<street1>Dept. of Military Science/UWSP</street1>
	<street2>1108 FREMONT ST</street2>
	<city>STEVENS POINT</city>
	<state>WI</state>
	<longitude>-89.5596220</longitude>
	<latitude>44.5235940</latitude>
	<zip>54481</zip>
	<phone>7153463821</phone>
</result>
<result>
	<name>EASTERN ILLINOIS UNIVERSITY</name>
	<street1>EIU 4301 Klehm Hall</street1>
	<street2>600 Lincoln Ave</street2>
	<city>CHARLESTON</city>
	<state>IL</state>
	<longitude>-88.1760530</longitude>
	<latitude>39.4860060</latitude>
	<zip>61920</zip>
	<phone>2175815944</phone>
</result>
<result>
	<name>ILLINOIS STATE UNIVERSITY</name>
	<street1>211 N. UNIVERSITY ST</street1>
	<street2>ARMY ROTC</street2>
	<city>NORMAL</city>
	<state>IL</state>
	<longitude>-88.9879120</longitude>
	<latitude>40.5109030</latitude>
	<zip>61761</zip>
	<phone>3094385408</phone>
</result>
<result>
	<name>UNIVERSITY OF ARKANSAS PINE BLUFF</name>
	<street1>1200 N UNIVERSITY DRIVE</street1>
	<street2>ARMY ROTC </street2>
	<city>PINE BLUFF</city>
	<state>AR</state>
	<longitude>-91.9293990</longitude>
	<latitude>34.2016800</latitude>
	<zip>71601</zip>
	<phone>8705758445</phone>
</result>
<result>
	<name>ARKANSAS STATE UNIVERSITY</name>
	<street1>1921 Aggie Road</street1>
	<street2>"Armory, room 129"</street2>
	<city>Jonesboro</city>
	<state>AR</state>
	<longitude>-90.6971750</longitude>
	<latitude>35.8248080</latitude>
	<zip>72401</zip>
	<phone>8709722064</phone>
</result>
<result>
	<name>UNIVERSITY OF CENTRAL ARKANSAS</name>
	<street1>201 DONAGHEY AVE</street1>
	<street2></street2>
	<city>CONWAY</city>
	<state>AR</state>
	<longitude>-92.4575530</longitude>
	<latitude>35.0739220</latitude>
	<zip>72035</zip>
	<phone>5014503145</phone>
</result>
<result>
	<name>UNIVERSITY OF ARKANSAS</name>
	<street1>470 N. Campus Drive</street1>
	<street2>Army ROTC Bldg.</street2>
	<city>FAYETTEVILLE</city>
	<state>AR</state>
	<longitude>-94.1552410</longitude>
	<latitude>36.0667870</latitude>
	<zip>72701</zip>
	<phone>4795754251</phone>
</result>
<result>
	<name>UNIVERSITY OF CENTRAL OKLAHOMA</name>
	<street1>100 N UNIVERSITY DRIVE</street1>
	<street2>THATCHER HALL RM 247</street2>
	<city>EDMOND</city>
	<state>OK</state>
	<longitude>-97.4330090</longitude>
	<latitude>35.6971310</latitude>
	<zip>73034</zip>
	<phone>4059745167</phone>
</result>
<result>
	<name>UNIVERSITY OF CENTRAL MISSOURI</name>
	<street1>HUMPHREYS BUILDING 101</street1>
	<street2>NA</street2>
	<city>WARRENSBURG</city>
	<state>MO</state>
	<longitude>-93.7321340</longitude>
	<latitude>38.7587460</latitude>
	<zip>64093</zip>
	<phone>6605434866</phone>
</result>
<result>
	<name>SOUTHERN ILL U AT CARBONDALE</name>
	<street1>ARMY ROTC - SIUC MAIL 6825</street1>
	<street2>KESNAR HALL  ROOM 106</street2>
	<city>CARBONDALE</city>
	<state>IL</state>
	<longitude>-89.2229460</longitude>
	<latitude>37.7284080</latitude>
	<zip>62901</zip>
	<phone>6184535786</phone>
</result>
<result>
	<name>SOUTHERN ILL UNIV-EDWARDSVILLE</name>
	<street1>"HWY 157, FOUNDERS HALL RM 3106"</street1>
	<street2>ARMY ROTC</street2>
	<city>EDWARDSVILLE</city>
	<state>IL</state>
	<longitude>-89.9566410</longitude>
	<latitude>38.8112950</latitude>
	<zip>62026</zip>
	<phone>6186502500</phone>
</result>
<result>
	<name>UNIVERSITY OF ILL URBANA-CHAMPAIGN</name>
	<street1>ARMY ROTC BATTALION</street1>
	<street2>505 E ARMORY AVE RM 113E</street2>
	<city>CHAMPAIGN</city>
	<state>IL</state>
	<longitude>-88.2471630</longitude>
	<latitude>40.1098680</latitude>
	<zip>61820</zip>
	<phone>2173333418</phone>
</result>
<result>
	<name>WESTERN ILLINOIS UNIV</name>
	<street1>1 UNIVERSITY CIRCLE</street1>
	<street2>HORRABIN HALL ROM 103</street2>
	<city>MACOMB</city>
	<state>IL</state>
	<longitude>-90.6740060</longitude>
	<latitude>40.4572190</latitude>
	<zip>61455</zip>
	<phone>3092981161</phone>
</result>
<result>
	<name>LINCOLN UNIVERSITY</name>
	<street1>903 LAFAYETTE ST</street1>
	<street2>101 SOLDIERS HALL</street2>
	<city>JEFFERSON CITY</city>
	<state>MO</state>
	<longitude>-92.1739910</longitude>
	<latitude>38.5599270</latitude>
	<zip>65101</zip>
	<phone>5736815346</phone>
</result>
<result>
	<name>MISSOURI WESTERN STATE UNIV</name>
	<street1>4525 DOWNS DR</street1>
	<street2>"WILSON HALL, RM 122"</street2>
	<city>ST JOSEPH</city>
	<state>MO</state>
	<longitude>-94.8084350</longitude>
	<latitude>39.7489210</latitude>
	<zip>64507</zip>
	<phone>8162714541</phone>
</result>
<result>
	<name>TRUMAN STATE UNIVERSITY</name>
	<street1>100 E. NORMAL</street1>
	<street2> BALDWIN HALL ROOM 118</street2>
	<city>KIRKSVILLE</city>
	<state>MO</state>
	<longitude>-92.5832950</longitude>
	<latitude>40.1937710</latitude>
	<zip>63501</zip>
	<phone>6607854451</phone>
</result>
<result>
	<name>MISSOURI STATE UNIV</name>
	<street1>ROTC  Instructor Group</street1>
	<street2>901 South National</street2>
	<city>Springfield</city>
	<state>MO</state>
	<longitude></longitude>
	<latitude></latitude>
	<zip>65897</zip>
	<phone>4178365791</phone>
</result>
<result>
	<name>UNIVERSITY OF MISSOURI-COLUMBIA</name>
	<street1>202 CROWDER HALL</street1>
	<street2>UNIVERSITY OF MISSOURI</street2>
	<city>COLUMBIA</city>
	<state>MO</state>
	<longitude>-92.3273350</longitude>
	<latitude>38.9482310</latitude>
	<zip>65211</zip>
	<phone>5738827721</phone>
</result>
<result>
	<name>UNIVERSITY OF MISSOURI-ROLLA</name>
	<street1>1870 MINER CIRCLE</street1>
	<street2>301 Harris Hall</street2>
	<city>ROLLA</city>
	<state>MO</state>
	<longitude>-91.7714920</longitude>
	<latitude>37.9567120</latitude>
	<zip>65409</zip>
	<phone>5733414744</phone>
</result>
<result>
	<name>WASHINGTON UNIVERSITY</name>
	<street1>700 ROSEDALE AVE</street1>
	<street2>SUITE 1120</street2>
	<city>ST LOUIS</city>
	<state>MO</state>
	<longitude>-90.2855090</longitude>
	<latitude>38.6615450</latitude>
	<zip>63112</zip>
	<phone>3149355537</phone>
</result>
<result>
	<name>WENTWORTH MIL ACAD & JR COL</name>
	<street1>1880 WASHINGTON AVENUE</street1>
	<street2>GROENDYKE HALL</street2>
	<city>LEXINGTON</city>
	<state>MO</state>
	<longitude>-93.8466570</longitude>
	<latitude>39.1493800</latitude>
	<zip>64067</zip>
	<phone>6602592219</phone>
</result>
<result>
	<name>OKLAHOMA STATE UNIVERSITY</name>
	<street1>311 THATCHER HALL</street1>
	<street2>OKLAHOMA STATE UNIVERSITY</street2>
	<city>STILLWATER</city>
	<state>OK</state>
	<longitude>-97.0580380</longitude>
	<latitude>36.1156270</latitude>
	<zip>74078</zip>
	<phone>4057441775</phone>
</result>
<result>
	<name>UNIVERSITY OF OKLAHOMA</name>
	<street1>290 W BROOKS</street1>
	<street2>ARMORY ROOM 1</street2>
	<city>NORMAN</city>
	<state>OK</state>
	<longitude>-97.4463050</longitude>
	<latitude>35.2072410</latitude>
	<zip>73019</zip>
	<phone>4053253012</phone>
</result>
<result>
	<name>UNIVERSITY OF NEBRASKA-LINCOLN</name>
	<street1>ARMY ROTC</street1>
	<street2>1360 VINE ST.</street2>
	<city>LINCOLN</city>
	<state>NE</state>
	<longitude>-96.7118440</longitude>
	<latitude>40.8210990</latitude>
	<zip>68588</zip>
	<phone>4024722469</phone>
</result>
<result>
	<name>COLORADO STATE UNIV</name>
	<street1>CAMPUS MAIL 1072</street1>
	<street2>Military Science Building</street2>
	<city>FORT COLLINS</city>
	<state>CO</state>
	<longitude>-105.0860880</longitude>
	<latitude>40.5722400</latitude>
	<zip>80523</zip>
	<phone>9704911637</phone>
</result>
<result>
	<name>UNIVERSITY OF COLORADO</name>
	<street1>"Folsom Stadium, Gate 3, 370 UCB"</street1>
	<street2>Room 215</street2>
	<city>BOULDER</city>
	<state>CO</state>
	<longitude>-105.2699170</longitude>
	<latitude>40.0094370</latitude>
	<zip>80309</zip>
	<phone>3034926495</phone>
</result>
<result>
	<name>IOWA STATE UNIVERSITY</name>
	<street1>132 ARMORY</street1>
	<street2></street2>
	<city>AMES</city>
	<state>IA</state>
	<longitude>-93.6394750</longitude>
	<latitude>42.0222250</latitude>
	<zip>50011</zip>
	<phone>5152941852</phone>
</result>
<result>
	<name>UNIVERSITY OF NORTHERN IOWA</name>
	<street1>1227 West 27th Street</street1>
	<street2>West Gym 203</street2>
	<city>CEDAR FALLS</city>
	<state>IA</state>
	<longitude>-92.4607520</longitude>
	<latitude>42.5092790</latitude>
	<zip>50614</zip>
	<phone>3192736178</phone>
</result>
<result>
	<name>UNIVERSITY OF IOWA</name>
	<street1>DEPT OF MIL SCI  101 SO QUAD</street1>
	<street2></street2>
	<city>IOWA CITY</city>
	<state>IA</state>
	<longitude>-91.5421520</longitude>
	<latitude>41.6644050</latitude>
	<zip>52242</zip>
	<phone>3193359187</phone>
</result>
<result>
	<name>PITTSBURG STATE UNIVERSITY</name>
	<street1>1701 SOUTH BROADWAY</street1>
	<street2>201 Hartman Hall</street2>
	<city>PITTSBURG</city>
	<state>KS</state>
	<longitude>-94.6983590</longitude>
	<latitude>37.4122750</latitude>
	<zip>66762</zip>
	<phone>6202354859</phone>
</result>
<result>
	<name>KANSAS STATE UNIVERSITY</name>
	<street1>DEPARTMENT OF MILITARY SCIENCE</street1>
	<street2>101 MILITARY SCIENCE BUILDING</street2>
	<city>MANHATTAN</city>
	<state>KS</state>
	<longitude>-96.5714710</longitude>
	<latitude>39.1851430</latitude>
	<zip>66506</zip>
	<phone>7855326754</phone>
</result>
<result>
	<name>UNIVERSITY OF KANSAS</name>
	<street1>203 MILITARY SCIENCE BLDG</street1>
	<street2>1520 SUMMERFIELD HALL DRIVE</street2>
	<city>LAWRENCE</city>
	<state>KS</state>
	<longitude>-95.2642280</longitude>
	<latitude>38.9591710</latitude>
	<zip>66045</zip>
	<phone>7858643311</phone>
</result>
<result>
	<name>NORTH DAKOTA STATE UNIVERSITY</name>
	<street1>1301 CENTENNIAL BLVD</street1>
	<street2>BENTSON/BUNKER BLDG  RM 103</street2>
	<city>FARGO</city>
	<state>ND</state>
	<longitude>-96.7937000</longitude>
	<latitude>46.9112060</latitude>
	<zip>58105</zip>
	<phone>7012317575</phone>
</result>
<result>
	<name>UNIVERSITY OF MINNESOTA-TWIN CITIES</name>
	<street1>15 CHURCH ST SE</street1>
	<street2>108 ARMORY</street2>
	<city>MINNEAPOLIS</city>
	<state>MN</state>
	<longitude>-93.2378260</longitude>
	<latitude>44.9729810</latitude>
	<zip>55455</zip>
	<phone>6126247300</phone>
</result>
<result>
	<name>CREIGHTON UNIVERSITY</name>
	<street1>DEPARTMENT OF MILITARY SCIENCE</street1>
	<street2>2500 CALIFORNIA PLAZA</street2>
	<city>OMAHA</city>
	<state>NE</state>
	<longitude>-95.9468110</longitude>
	<latitude>41.2665990</latitude>
	<zip>68178</zip>
	<phone>4022802828</phone>
</result>
<result>
	<name>UNIVERSITY OF NORTH DAKOTA</name>
	<street1>"Department of Military Science, Army RO</street1>
	<street2>CENTENNIAL DRIVE</street2>
	<city>GRAND FORKS</city>
	<state>ND</state>
	<longitude>-97.0731800</longitude>
	<latitude>47.9188850</latitude>
	<zip>58202</zip>
	<phone>7017773498</phone>
</result>
<result>
	<name>SD SCHOOL OF MINES & TECH</name>
	<street1>501 EAST SAINT JOSEPH STREET</street1>
	<street2>"CLASSROOM BUILDING, ROOM 113"</street2>
	<city>RAPID CITY</city>
	<state>SD</state>
	<longitude>-103.2061270</longitude>
	<latitude>44.0725160</latitude>
	<zip>57701</zip>
	<phone>6053942769</phone>
</result>
<result>
	<name>SOUTH DAKOTA STATE UNIVERSITY</name>
	<street1>200 DMH</street1>
	<street2>Rotunda LN</street2>
	<city>BROOKINGS</city>
	<state>SD</state>
	<longitude>-96.7860410</longitude>
	<latitude>44.3067150</latitude>
	<zip>57007</zip>
	<phone>6056886151</phone>
</result>
<result>
	<name>UNIVERSITY OF SOUTH DAKOTA</name>
	<street1>414 EAST CLARK STREET</street1>
	<street2>Military Science Dept- Army ROTC</street2>
	<city>VERMILLION</city>
	<state>SD</state>
	<longitude>-96.9244110</longitude>
	<latitude>42.7811510</latitude>
	<zip>57069</zip>
	<phone>6056775284</phone>
</result>
<result>
	<name>UNIVERSITY OF CO AT COLORADO SPRINGS</name>
	<street1>1420 AUSTIN BLUFFS PARKWAY</street1>
	<street2>ADM 17</street2>
	<city>COLORADO SPRINGS</city>
	<state>CO</state>
	<longitude>-105.0047820</longitude>
	<latitude>38.9348250</latitude>
	<zip>80933</zip>
	<phone>7192623520</phone>
</result>
<result>
	<name>MN STATE UNIVERSITY MANKATO</name>
	<street1>316 WIECKING CENTER</street1>
	<street2></street2>
	<city>MANKATO</city>
	<state>MN</state>
	<longitude>-93.9952460</longitude>
	<latitude>44.1609270</latitude>
	<zip>56001</zip>
	<phone>5073896229</phone>
</result>
<result>
	<name>SAINT JOHNS UNIVERSITY MINNESOTA</name>
	<street1>GUILD HALL</street1>
	<street2>Room 016</street2>
	<city>COLLEGEVILLE</city>
	<state>MN</state>
	<longitude>-94.3683110</longitude>
	<latitude>45.5733430</latitude>
	<zip>56321</zip>
	<phone>3203633827</phone>
</result>
<result>
	<name>UNIVERSITY OF WYOMING</name>
	<street1>"Department of Military Science, Dept 31</street1>
	<street2>1000 E University Ave</street2>
	<city>LARAMIE</city>
	<state>WY</state>
	<longitude>-105.6071960</longitude>
	<latitude>41.4225270</latitude>
	<zip>82071</zip>
	<phone>3077663390</phone>
</result>
<result>
	<name>NEW MEXICO MILITARY INSTITUTE</name>
	<street1>101 WEST COLLEGE BOULEVARD</street1>
	<street2></street2>
	<city>ROSWELL</city>
	<state>NM</state>
	<longitude>-104.5229170</longitude>
	<latitude>33.3930990</latitude>
	<zip>88201</zip>
	<phone>5056248294</phone>
</result>
<result>
	<name>NEW MEXICO STATE UNIVERSITY</name>
	<street1>1300 S HORSESHOE DR</street1>
	<street2>YOUNG HALL ROOM 230 </street2>
	<city>LAS CRUCES</city>
	<state>NM</state>
	<longitude>-106.7596830</longitude>
	<latitude>32.2796740</latitude>
	<zip>88003</zip>
	<phone>5056464030</phone>
</result>
<result>
	<name>UNIVERSITY OF TEXAS AT SAN ANTONIO</name>
	<street1>"DEPT OF MIL SCI, ARMY ROTC"</street1>
	<street2>"6900 N LOOP 1604 W, MS 3.03.38"</street2>
	<city>SAN ANTONIO</city>
	<state>TX</state>
	<longitude>-98.5255840</longitude>
	<latitude>29.4222580</latitude>
	<zip>78285</zip>
	<phone>2104584622</phone>
</result>
<result>
	<name>TEXAS A&M UNIVERSITY</name>
	<street1>CORNER OF THROCKMORTON & COKE</street1>
	<street2>ARMY ROTC Bldg 456</street2>
	<city>COLLEGE STATION</city>
	<state>TX</state>
	<longitude>-96.3547310</longitude>
	<latitude>30.6107190</latitude>
	<zip>77844</zip>
	<phone>9798452814</phone>
</result>
<result>
	<name>CAMERON UNIVERSITY</name>
	<street1>2800 WEST GORE BLVD</street1>
	<street2>BURCH HALL ROOM 110</street2>
	<city>LAWTON</city>
	<state>OK</state>
	<longitude>-98.4573650</longitude>
	<latitude>34.6169160</latitude>
	<zip>73505</zip>
	<phone>5805812340</phone>
</result>
<result>
	<name>UNIVERSITY OF TEXAS PAN AMERICAN</name>
	<street1>1201 W. University Dr</street1>
	<street2></street2>
	<city>EDINBURG</city>
	<state>TX</state>
	<longitude>-98.1645410</longitude>
	<latitude>26.2975270</latitude>
	<zip>78539</zip>
	<phone>9563813600</phone>
</result>
<result>
	<name>SAM HOUSTON STATE UNIVERSITY</name>
	<street1>1922 AVENUE  J</street1>
	<street2>BLDG AB3 </street2>
	<city>HUNTSVILLE</city>
	<state>TX</state>
	<longitude>-95.5435060</longitude>
	<latitude>30.7143550</latitude>
	<zip>77341</zip>
	<phone>9362941305</phone>
</result>
<result>
	<name>TEXAS STATE UNIV-SAN MARCOS</name>
	<street1>601 UNIVERSITY DRIVE</street1>
	<street2>FRIO BLDG #35</street2>
	<city>SAN MARCOS</city>
	<state>TX</state>
	<longitude>-97.9450880</longitude>
	<latitude>29.8826450</latitude>
	<zip>78666</zip>
	<phone>5122453232</phone>
</result>
<result>
	<name>SAINT MARYS UNIVERSITY</name>
	<street1>ONE CAMINO SANTA MARIA</street1>
	<street2></street2>
	<city>SAN ANTONIO</city>
	<state>TX</state>
	<longitude>-98.5747550</longitude>
	<latitude>29.4596230</latitude>
	<zip>78228</zip>
	<phone>2104363415</phone>
</result>
<result>
	<name>STEPHEN F AUSTIN STATE UNIV</name>
	<street1>ARMY ROTC</street1>
	<street2>709 E. COLLEGE STREET</street2>
	<city>NACOGDOCHES</city>
	<state>TX</state>
	<longitude>-94.6517490</longitude>
	<latitude>31.6157010</latitude>
	<zip>75962</zip>
	<phone>9364684505</phone>
</result>
<result>
	<name>PRAIRIE VIEW A&M UNIVERSITY</name>
	<street1>AROTC/Burleson Ware PO Box 2757</street1>
	<street2>Corner of Norris & Preston Sts</street2>
	<city>PRAIRIE VIEW</city>
	<state>TX</state>
	<longitude>-95.9928650</longitude>
	<latitude>30.0813350</latitude>
	<zip>77446</zip>
	<phone>9368574612</phone>
</result>
<result>
	<name>TARLETON STATE UNIVERSITY</name>
	<street1>"201 ST Felix Street, PO Box T-0480"</street1>
	<street2>Department of Military Science</street2>
	<city>STEPHENVILLE</city>
	<state>TX</state>
	<longitude>-98.2171220</longitude>
	<latitude>32.2185300</latitude>
	<zip>76402</zip>
	<phone>2549689188</phone>
</result>
<result>
	<name>TEXAS CHRISTIAN UNIVERSITY</name>
	<street1>2900 S UNIVERSITY DR</street1>
	<street2>TCI 298910</street2>
	<city>FORT WORTH</city>
	<state>TX</state>
	<longitude>-97.3593800</longitude>
	<latitude>32.7059000</latitude>
	<zip>76129</zip>
	<phone>8172577455</phone>
</result>
<result>
	<name>TEXAS A&M UNIVERSITY AT KINGSVILLE</name>
	<street1>860 ENGINEER AVE</street1>
	<street2>ARMY ROTC</street2>
	<city>KINGSVILLE</city>
	<state>TX</state>
	<longitude>-97.8608500</longitude>
	<latitude>27.5144250</latitude>
	<zip>78363</zip>
	<phone>3615933201</phone>
</result>
<result>
	<name>TEXAS A&M UNIVERSITY - CORPUS CHRIST</name>
	<street1>DEPARTMENT OF MILITARY SCIENCE</street1>
	<street2>6300 OCEAN DRIVE</street2>
	<city>CORPUS CHRISTI</city>
	<state>TX</state>
	<longitude>-97.3480660</longitude>
	<latitude>27.7058230</latitude>
	<zip>78412</zip>
	<phone>3618255847</phone>
</result>
<result>
	<name>TEXAS TECH UNIVERSITY</name>
	<street1>ARMY ROTC</street1>
	<street2>"15th St & Flint Ave, BA Bldg"</street2>
	<city>LUBBOCK</city>
	<state>TX</state>
	<longitude>-101.8538120</longitude>
	<latitude>33.5860560</latitude>
	<zip>79409</zip>
	<phone>8067422141</phone>
</result>
<result>
	<name>UNIVERSITY OF HOUSTON</name>
	<street1>"3875 HOLMAN STREET, Rm 28"</street1>
	<street2></street2>
	<city>HOUSTON</city>
	<state>TX</state>
	<longitude>-95.3892710</longitude>
	<latitude>29.7657450</latitude>
	<zip>77204</zip>
	<phone>7137433875</phone>
</result>
<result>
	<name>THE UNIVERSITY OF TEXAS AT ARLINGTON</name>
	<street1>600 S. West Street</street1>
	<street2> College Hall Rm B01</street2>
	<city>Arlington</city>
	<state>TX</state>
	<longitude>-97.0846920</longitude>
	<latitude>32.7227940</latitude>
	<zip>76010</zip>
	<phone>8172723281</phone>
</result>
<result>
	<name>THE UNIVERSITY OF TEXAS AT AUSTIN</name>
	<street1>"UT AUSTIN, MILITARY SCIENCE"</street1>
	<street2>RAS 110</street2>
	<city>AUSTIN</city>
	<state>TX</state>
	<longitude>-97.7377760</longitude>
	<latitude>30.2851300</latitude>
	<zip>78712</zip>
	<phone>5124715919</phone>
</result>
<result>
	<name>UNIVERSITY OF TEXAS AT EL PASO</name>
	<street1>500 WEST UNIVERSITY AVENUE</street1>
	<street2></street2>
	<city>EL PASO</city>
	<state>TX</state>
	<longitude>-106.5044350</longitude>
	<latitude>31.7733350</latitude>
	<zip>79968</zip>
	<phone>9157475621</phone>
</result>
<result>
	<name>UNIVERSITY OF NEW MEXICO MAIN CAMPUS</name>
	<street1>1836 Lomas Blvd NE</street1>
	<street2></street2>
	<city>Albuquerque</city>
	<state>NM</state>
	<longitude>-106.6198210</longitude>
	<latitude>35.0894230</latitude>
	<zip>87131</zip>
	<phone>5052772250</phone>
</result>
<result>
	<name>UNIVERSITY OF HAWAII AT MANOA</name>
	<street1>1311 LOWER CAMPUS ROAD</street1>
	<street2></street2>
	<city>HONOLULU</city>
	<state>HI</state>
	<longitude>-157.8210440</longitude>
	<latitude>21.3125450</latitude>
	<zip>96822</zip>
	<phone>8089567766</phone>
</result>
<result>
	<name>BOISE STATE UNIVERSITY</name>
	<street1>1910 UNIVERSITY DRIVE</street1>
	<street2>Military Science Department</street2>
	<city>BOISE</city>
	<state>ID</state>
	<longitude>-116.1991800</longitude>
	<latitude>43.6055160</latitude>
	<zip>83725</zip>
	<phone>2084263500</phone>
</result>
<result>
	<name>UNIVERSITY OF IDAHO</name>
	<street1>1001 University Ave</street1>
	<street2>"Memorial Gym, B34"</street2>
	<city>MOSCOW</city>
	<state>ID</state>
	<longitude>-116.9968470</longitude>
	<latitude>46.7302870</latitude>
	<zip>83844</zip>
	<phone>2088856528</phone>
</result>
<result>
	<name>CENTRAL WASHINGTON UNIVERSITY</name>
	<street1>ARMY ROTC</street1>
	<street2>400 E UNIVERSITY WAY</street2>
	<city>ELLENSBURG</city>
	<state>WA</state>
	<longitude>-120.5425890</longitude>
	<latitude>46.9995560</latitude>
	<zip>98926</zip>
	<phone>5099633518</phone>
</result>
<result>
	<name>EASTERN WASHINGTON UNIVERSITY</name>
	<street1>202 CADET HALL</street1>
	<street2></street2>
	<city>CHENEY</city>
	<state>WA</state>
	<longitude>-117.5943840</longitude>
	<latitude>47.4795790</latitude>
	<zip>99004</zip>
	<phone>5093592386</phone>
</result>
<result>
	<name>GONZAGA UNIVERSITY</name>
	<street1>502 E BOONE AVE</street1>
	<street2>AD 84</street2>
	<city>SPOKANE</city>
	<state>WA</state>
	<longitude>-117.4051600</longitude>
	<latitude>47.6664770</latitude>
	<zip>99258</zip>
	<phone>5093236516</phone>
</result>
<result>
	<name>PACIFIC LUTHERAN UNIVERSITY</name>
	<street1>12013 PARK AVENUE S</street1>
	<street2></street2>
	<city>TACOMA</city>
	<state>WA</state>
	<longitude>-122.4456430</longitude>
	<latitude>47.1470300</latitude>
	<zip>98447</zip>
	<phone>2535358459</phone>
</result>
<result>
	<name>SEATTLE UNIVERSITY</name>
	<street1>DEPARTMENT OF MILITARY SCIENCE</street1>
	<street2>901 12th Ave ARMY ROTC</street2>
	<city>SEATTLE</city>
	<state>WA</state>
	<longitude>-122.3023840</longitude>
	<latitude>47.6074680</latitude>
	<zip>98122</zip>
	<phone>2062966430</phone>
</result>
<result>
	<name>UNIVERSITY OF WASHINGTON</name>
	<street1>ARMY ROTC</street1>
	<street2>104 Clark Hall</street2>
	<city>SEATTLE</city>
	<state>WA</state>
	<longitude>-122.2984310</longitude>
	<latitude>47.6513770</latitude>
	<zip>98195</zip>
	<phone>2065439010</phone>
</result>
<result>
	<name>WASHINGTON STATE UNIVERSITY</name>
	<street1>405 AVERY HALL</street1>
	<street2></street2>
	<city>PULLMAN</city>
	<state>WA</state>
	<longitude>-117.1557420</longitude>
	<latitude>46.7288920</latitude>
	<zip>99164</zip>
	<phone>5093352591</phone>
</result>
<result>
	<name>UNIVERSITY OF ALASKA FAIRBANKS</name>
	<street1>PATTY BLDG 410  RM 115</street1>
	<street2></street2>
	<city>FAIRBANKS</city>
	<state>AK</state>
	<longitude>-147.8783790</longitude>
	<latitude>64.8171290</latitude>
	<zip>99775</zip>
	<phone>9074747501</phone>
</result>
<result>
	<name>MONTANA STATE UNIVERSITY</name>
	<street1>GARFIELD AND SEVENTH STREET</street1>
	<street2>Hamilton Hall Room 208</street2>
	<city>BOZEMAN</city>
	<state>MT</state>
	<longitude>-111.0599370</longitude>
	<latitude>45.6619630</latitude>
	<zip>59717</zip>
	<phone>4069944044</phone>
</result>
<result>
	<name>THE UNIVERSITY OF MONTANA</name>
	<street1>SCHREIBER GYM  ROOM 112</street1>
	<street2></street2>
	<city>MISSOULA</city>
	<state>MT</state>
	<longitude>-113.9864700</longitude>
	<latitude>46.8589540</latitude>
	<zip>59812</zip>
	<phone>4062432769</phone>
</result>
<result>
	<name>OREGON STATE UNIVERSITY</name>
	<street1>208 MCALEXANDER FIELDHOUSE</street1>
	<street2></street2>
	<city>CORVALLIS</city>
	<state>OR</state>
	<longitude>-123.2809060</longitude>
	<latitude>44.5657180</latitude>
	<zip>97331</zip>
	<phone>5417373511</phone>
</result>
<result>
	<name>UNIVERSITY OF OREGON</name>
	<street1>1679 AGATE ST</street1>
	<street2></street2>
	<city>EUGENE</city>
	<state>OR</state>
	<longitude>-123.0521430</longitude>
	<latitude>44.0373630</latitude>
	<zip>97403</zip>
	<phone>5413463102</phone>
</result>
<result>
	<name>UNIVERSITY OF PORTLAND</name>
	<street1>5000 N WILLAMETTE BLVD</street1>
	<street2>ATTN:  ARMY ROTC-VILLA MARIE</street2>
	<city>PORTLAND</city>
	<state>OR</state>
	<longitude>-122.7403580</longitude>
	<latitude>45.5909510</latitude>
	<zip>97203</zip>
	<phone>5039437353</phone>
</result>
<result>
	<name>UNIVERSITY OF GUAM</name>
	<street1>UNIVERSITY STATION</street1>
	<street2>DORM 1</street2>
	<city>MANGILAO</city>
	<state>GU</state>
	<longitude>144.8001240</longitude>
	<latitude>13.4403210</latitude>
	<zip>96923</zip>
	<phone>6717343000</phone>
</result>
<result>
	<name>UNIVERSITY OF CALIFORNIA-BERKELEY</name>
	<street1>173 HEARST GYM  #4440 ARMY ROTC</street1>
	<street2></street2>
	<city>BERKELEY</city>
	<state>CA</state>
	<longitude>-122.2584860</longitude>
	<latitude>37.8682520</latitude>
	<zip>94720</zip>
	<phone>5106423374</phone>
</result>
<result>
	<name>UNIVERSITY OF CALIFORNIA-DAVIS</name>
	<street1>ONE SHIELDS AVE</street1>
	<street2>"HICKEY GYM, ROOM 131"</street2>
	<city>DAVIS</city>
	<state>CA</state>
	<longitude>-121.7463770</longitude>
	<latitude>38.5564310</latitude>
	<zip>95616</zip>
	<phone>5307525211</phone>
</result>
<result>
	<name>UNIVERSITY OF CALIFORNIA-LOS ANGELES</name>
	<street1>"DEPT OF MIL SCI, SAC, Rm 120S"</street1>
	<street2> 220 WESTWOOD PLAZA</street2>
	<city>LOS ANGELES</city>
	<state>CA</state>
	<longitude>-118.4510200</longitude>
	<latitude>34.0701990</latitude>
	<zip>90095</zip>
	<phone>3108257381</phone>
</result>
<result>
	<name>UNIVERSITY OF NEVADA</name>
	<street1>UNIVERSITY OF NEVADA RENO</street1>
	<street2>EDMUND J CAIN HALL MS 268</street2>
	<city>RENO</city>
	<state>NV</state>
	<longitude>-119.8180050</longitude>
	<latitude>39.5397190</latitude>
	<zip>89557</zip>
	<phone>7757846751</phone>
</result>
<result>
	<name>UNIVERSITY OF SAN FRANCISCO</name>
	<street1>2130 FULTON STREET</street1>
	<street2>Underhill Building</street2>
	<city>SAN FRANCISCO</city>
	<state>CA</state>
	<longitude>-122.4415450</longitude>
	<latitude>37.7705610</latitude>
	<zip>94117</zip>
	<phone>4154226405</phone>
</result>
<result>
	<name>SANTA CLARA UNIV</name>
	<street1>500 EL CAMINO REAL</street1>
	<street2></street2>
	<city>SANTA CLARA</city>
	<state>CA</state>
	<longitude>-121.9365250</longitude>
	<latitude>37.3479200</latitude>
	<zip>95053</zip>
	<phone>4085544781</phone>
</result>
<result>
	<name>UNIVERSITY OF SOUTHERN CALIFORNIA</name>
	<street1>"3560 WATT WAY, PED 110"</street1>
	<street2></street2>
	<city>LOS ANGELES</city>
	<state>CA</state>
	<longitude>-118.2841570</longitude>
	<latitude>34.0176580</latitude>
	<zip>90089</zip>
	<phone>2137404026</phone>
</result>
<result>
	<name>ARIZONA STATE UNIVERSITY</name>
	<street1>DPT OF MIL SCI  ARIZONA STATE</street1>
	<street2>Soc. Science Bldg Room 330</street2>
	<city>TEMPE</city>
	<state>AZ</state>
	<longitude>-111.9321230</longitude>
	<latitude>33.4283520</latitude>
	<zip>85287</zip>
	<phone>4809653318</phone>
</result>
<result>
	<name>NORTHERN ARIZONA UNIVERSITY</name>
	<street1>ARMY ROTC</street1>
	<street2>1415 S. SAN FRANCISCO ST</street2>
	<city>FLAGSTAFF</city>
	<state>AZ</state>
	<longitude>-111.6207660</longitude>
	<latitude>35.1889450</latitude>
	<zip>86011</zip>
	<phone>9285238658</phone>
</result>
<result>
	<name>UNIVERSITY OF ARIZONA</name>
	<street1>"UOFA, Dept of Military Science"</street1>
	<street2>SOUTH HALL ROOM 101</street2>
	<city>TUCSON</city>
	<state>AZ</state>
	<longitude>-110.9521570</longitude>
	<latitude>32.2288860</latitude>
	<zip>85721</zip>
	<phone>5206211078</phone>
</result>
<result>
	<name>CAL STATE UNIVERSITY FULLERTON</name>
	<street1>800 N STATE COLLEGE BLVD</street1>
	<street2></street2>
	<city>FULLERTON</city>
	<state>CA</state>
	<longitude>-117.8970020</longitude>
	<latitude>33.8767770</latitude>
	<zip>92834</zip>
	<phone>7142783007</phone>
</result>
<result>
	<name>CA POLY ST U SAN LUIS OBISPO</name>
	<street1>"1 GRAND AVE, BLDG 34, RM 115"</street1>
	<street2>MILITARY SCIENCE DEPT</street2>
	<city>SAN LUIS OBISPO</city>
	<state>CA</state>
	<longitude>-120.6587990</longitude>
	<latitude>35.2988730</latitude>
	<zip>93407</zip>
	<phone>8057567682</phone>
</result>
<result>
	<name>SAN DIEGO STATE UNIVERSITY</name>
	<street1>DEPARTMENT OF MILITARY SCIENCE</street1>
	<street2>5500 CAMPANILE DRIVE</street2>
	<city>SAN DIEGO</city>
	<state>CA</state>
	<longitude>-117.0691560</longitude>
	<latitude>32.7621780</latitude>
	<zip>92182</zip>
	<phone>6195944943</phone>
</result>
<result>
	<name>CLAREMONT MCKENNA COLLEGE</name>
	<street1>DEPT OF MIL SCIENCE & LDRSHP</street1>
	<street2>500 E. NINTH STREET</street2>
	<city>CLAREMONT</city>
	<state>CA</state>
	<longitude>-117.7173510</longitude>
	<latitude>34.1130430</latitude>
	<zip>91711</zip>
	<phone>9096218102</phone>
</result>
<result>
	<name>UNIVERSITY OF CA - SANTA BARBARA</name>
	<street1>DEPARTMENT OF MILITARY SCIENCE</street1>
	<street2>BLDG 451</street2>
	<city>SANTA BARBARA</city>
	<state>CA</state>
	<longitude>-119.8342770</longitude>
	<latitude>34.4313060</latitude>
	<zip>93106</zip>
	<phone>8058933042</phone>
</result>
<result>
	<name>BRIGHAM YOUNG UNIVERSITY</name>
	<street1>DEPARTMENT OF MILITARY SCIENCE</street1>
	<street2>320 WELLS ROTC BLDG</street2>
	<city>PROVO</city>
	<state>UT</state>
	<longitude>-111.6914000</longitude>
	<latitude>40.2269080</latitude>
	<zip>84602</zip>
	<phone>8014223601</phone>
</result>
<result>
	<name>UNIVERSITY OF UTAH</name>
	<street1>"1452 EAST 100 SOUTH, BLDG 23"</street1>
	<street2></street2>
	<city>SALT LAKE CITY</city>
	<state>UT</state>
	<longitude>-111.8383590</longitude>
	<latitude>40.7637790</latitude>
	<zip>84112</zip>
	<phone>8015816716</phone>
</result>
<result>
	<name>WEBER STATE UNIVERSITY</name>
	<street1>3103 UNIVERSITY CIRCLE</street1>
	<street2></street2>
	<city>OGDEN</city>
	<state>UT</state>
	<longitude>-111.9424730</longitude>
	<latitude>41.1881540</latitude>
	<zip>84408</zip>
	<phone>8016266518</phone>
</result>
<result>
	<name>CAL STATE UNIVERSITY FRESNO</name>
	<street1>5305 N  CAMPUS DRIVE MS NG23</street1>
	<street2></street2>
	<city>FRESNO</city>
	<state>CA</state>
	<longitude>-119.7589580</longitude>
	<latitude>36.8239100</latitude>
	<zip>93740</zip>
	<phone>5592782887</phone>
</result>
</results>
